date_key,full_date,day,month,quarter,year
20250602,2025-06-02,2,6,2,2025
20250603,2025-06-03,3,6,2,2025
20250604,2025-06-04,4,6,2,2025
20250605,2025-06-05,5,6,2,2025
20250606,2025-06-06,6,6,2,2025
20250608,2025-06-08,8,6,2,2025
20250609,2025-06-09,9,6,2,2025
20250610,2025-06-10,10,6,2,2025
20250611,2025-06-11,11,6,2,2025
20250612,2025-06-12,12,6,2,2025
20250613,2025-06-13,13,6,2,2025
20250614,2025-06-14,14,6,2,2025
20250615,2025-06-15,15,6,2,2025
20250616,2025-06-16,16,6,2,2025
20250617,2025-06-17,17,6,2,2025
20250618,2025-06-18,18,6,2,2025
20250620,2025-06-20,20,6,2,2025
20250621,2025-06-21,21,6,2,2025
20250623,2025-06-23,23,6,2,2025
20250624,2025-06-24,24,6,2,2025
20250625,2025-06-25,25,6,2,2025
20250626,2025-06-26,26,6,2,2025
20250627,2025-06-27,27,6,2,2025
20250628,2025-06-28,28,6,2,2025
20250630,2025-06-30,30,6,2,2025
20250702,2025-07-02,2,7,3,2025
20250703,2025-07-03,3,7,3,2025
20250704,2025-07-04,4,7,3,2025
20250705,2025-07-05,5,7,3,2025
20250706,2025-07-06,6,7,3,2025
20250707,2025-07-07,7,7,3,2025
20250708,2025-07-08,8,7,3,2025
20250709,2025-07-09,9,7,3,2025
20250710,2025-07-10,10,7,3,2025
20250712,2025-07-12,12,7,3,2025
20250713,2025-07-13,13,7,3,2025
20250715,2025-07-15,15,7,3,2025
20250717,2025-07-17,17,7,3,2025
20250718,2025-07-18,18,7,3,2025
20250719,2025-07-19,19,7,3,2025
20250721,2025-07-21,21,7,3,2025
20250722,2025-07-22,22,7,3,2025
20250723,2025-07-23,23,7,3,2025
20250724,2025-07-24,24,7,3,2025
20250725,2025-07-25,25,7,3,2025
20250726,2025-07-26,26,7,3,2025
20250727,2025-07-27,27,7,3,2025
20250729,2025-07-29,29,7,3,2025
20250731,2025-07-31,31,7,3,2025
20250801,2025-08-01,1,8,3,2025
20250802,2025-08-02,2,8,3,2025
20250805,2025-08-05,5,8,3,2025
20250806,2025-08-06,6,8,3,2025
20250808,2025-08-08,8,8,3,2025
20250809,2025-08-09,9,8,3,2025
20250810,2025-08-10,10,8,3,2025
20250812,2025-08-12,12,8,3,2025
20250813,2025-08-13,13,8,3,2025
20250814,2025-08-14,14,8,3,2025
20250815,2025-08-15,15,8,3,2025
20250817,2025-08-17,17,8,3,2025
20250818,2025-08-18,18,8,3,2025
20250819,2025-08-19,19,8,3,2025
20250820,2025-08-20,20,8,3,2025
20250821,2025-08-21,21,8,3,2025
20250822,2025-08-22,22,8,3,2025
20250823,2025-08-23,23,8,3,2025
20250825,2025-08-25,25,8,3,2025
20250826,2025-08-26,26,8,3,2025
20250830,2025-08-30,30,8,3,2025
20250831,2025-08-31,31,8,3,2025
20250901,2025-09-01,1,9,3,2025
20250903,2025-09-03,3,9,3,2025
20250904,2025-09-04,4,9,3,2025
20250905,2025-09-05,5,9,3,2025
20250906,2025-09-06,6,9,3,2025
20250907,2025-09-07,7,9,3,2025
20250911,2025-09-11,11,9,3,2025
20250912,2025-09-12,12,9,3,2025
20250913,2025-09-13,13,9,3,2025
20250914,2025-09-14,14,9,3,2025
20250915,2025-09-15,15,9,3,2025
20250917,2025-09-17,17,9,3,2025
20250918,2025-09-18,18,9,3,2025
20250919,2025-09-19,19,9,3,2025
20250920,2025-09-20,20,9,3,2025
20250921,2025-09-21,21,9,3,2025
20250922,2025-09-22,22,9,3,2025
20250923,2025-09-23,23,9,3,2025
20250924,2025-09-24,24,9,3,2025
20250925,2025-09-25,25,9,3,2025
20250926,2025-09-26,26,9,3,2025
20250927,2025-09-27,27,9,3,2025
20250928,2025-09-28,28,9,3,2025
20250929,2025-09-29,29,9,3,2025
20250930,2025-09-30,30,9,3,2025
20251001,2025-10-01,1,10,4,2025
20251002,2025-10-02,2,10,4,2025
20251003,2025-10-03,3,10,4,2025
20251005,2025-10-05,5,10,4,2025
20251006,2025-10-06,6,10,4,2025
20251008,2025-10-08,8,10,4,2025
20251010,2025-10-10,10,10,4,2025
20251011,2025-10-11,11,10,4,2025
20251012,2025-10-12,12,10,4,2025
20251013,2025-10-13,13,10,4,2025
20251014,2025-10-14,14,10,4,2025
20251015,2025-10-15,15,10,4,2025
20251016,2025-10-16,16,10,4,2025
20251018,2025-10-18,18,10,4,2025
20251019,2025-10-19,19,10,4,2025
20251020,2025-10-20,20,10,4,2025
20251021,2025-10-21,21,10,4,2025
20251022,2025-10-22,22,10,4,2025
20251023,2025-10-23,23,10,4,2025
20251024,2025-10-24,24,10,4,2025
20251025,2025-10-25,25,10,4,2025
20251026,2025-10-26,26,10,4,2025
20251027,2025-10-27,27,10,4,2025
20251028,2025-10-28,28,10,4,2025
20251029,2025-10-29,29,10,4,2025
20251031,2025-10-31,31,10,4,2025
20251101,2025-11-01,1,11,4,2025
20251102,2025-11-02,2,11,4,2025
20251105,2025-11-05,5,11,4,2025
20251106,2025-11-06,6,11,4,2025
20251107,2025-11-07,7,11,4,2025
20251108,2025-11-08,8,11,4,2025
20251109,2025-11-09,9,11,4,2025
20251110,2025-11-10,10,11,4,2025
20251112,2025-11-12,12,11,4,2025
20251114,2025-11-14,14,11,4,2025
20251115,2025-11-15,15,11,4,2025
20251117,2025-11-17,17,11,4,2025
20251119,2025-11-19,19,11,4,2025
20251121,2025-11-21,21,11,4,2025
20251122,2025-11-22,22,11,4,2025
20251123,2025-11-23,23,11,4,2025
20251124,2025-11-24,24,11,4,2025
20251125,2025-11-25,25,11,4,2025
20251127,2025-11-27,27,11,4,2025
20251128,2025-11-28,28,11,4,2025
20251129,2025-11-29,29,11,4,2025
20251201,2025-12-01,1,12,4,2025
20251202,2025-12-02,2,12,4,2025
20251203,2025-12-03,3,12,4,2025
20251204,2025-12-04,4,12,4,2025
20251206,2025-12-06,6,12,4,2025
20251207,2025-12-07,7,12,4,2025
20251208,2025-12-08,8,12,4,2025
20251209,2025-12-09,9,12,4,2025
20251210,2025-12-10,10,12,4,2025
20251211,2025-12-11,11,12,4,2025
20251212,2025-12-12,12,12,4,2025
20251213,2025-12-13,13,12,4,2025
20251214,2025-12-14,14,12,4,2025
20251215,2025-12-15,15,12,4,2025
20251216,2025-12-16,16,12,4,2025
20251217,2025-12-17,17,12,4,2025
20251219,2025-12-19,19,12,4,2025
20251220,2025-12-20,20,12,4,2025
20251221,2025-12-21,21,12,4,2025
20251222,2025-12-22,22,12,4,2025
20251223,2025-12-23,23,12,4,2025
20251224,2025-12-24,24,12,4,2025
20251225,2025-12-25,25,12,4,2025
20251227,2025-12-27,27,12,4,2025
20251228,2025-12-28,28,12,4,2025
20251229,2025-12-29,29,12,4,2025
20251230,2025-12-30,30,12,4,2025
20251231,2025-12-31,31,12,4,2025
20260101,2026-01-01,1,1,1,2026
20260104,2026-01-04,4,1,1,2026
20260106,2026-01-06,6,1,1,2026
20260107,2026-01-07,7,1,1,2026
20260109,2026-01-09,9,1,1,2026
20260111,2026-01-11,11,1,1,2026
20260112,2026-01-12,12,1,1,2026
20260113,2026-01-13,13,1,1,2026
20260115,2026-01-15,15,1,1,2026
20260117,2026-01-17,17,1,1,2026
20260119,2026-01-19,19,1,1,2026
20260120,2026-01-20,20,1,1,2026
20260121,2026-01-21,21,1,1,2026
20260122,2026-01-22,22,1,1,2026
20260123,2026-01-23,23,1,1,2026
20260126,2026-01-26,26,1,1,2026
20260127,2026-01-27,27,1,1,2026
20260128,2026-01-28,28,1,1,2026
20260129,2026-01-29,29,1,1,2026
20260201,2026-02-01,1,2,1,2026
20260202,2026-02-02,2,2,1,2026
20260203,2026-02-03,3,2,1,2026
20260205,2026-02-05,5,2,1,2026
20260206,2026-02-06,6,2,1,2026
20260207,2026-02-07,7,2,1,2026
20260208,2026-02-08,8,2,1,2026
20260209,2026-02-09,9,2,1,2026
20260210,2026-02-10,10,2,1,2026
20260211,2026-02-11,11,2,1,2026
20260212,2026-02-12,12,2,1,2026
20260213,2026-02-13,13,2,1,2026
20260214,2026-02-14,14,2,1,2026
20260215,2026-02-15,15,2,1,2026
20260217,2026-02-17,17,2,1,2026
20260218,2026-02-18,18,2,1,2026
20260219,2026-02-19,19,2,1,2026
20260220,2026-02-20,20,2,1,2026
20260221,2026-02-21,21,2,1,2026
20260222,2026-02-22,22,2,1,2026
20260223,2026-02-23,23,2,1,2026
20260224,2026-02-24,24,2,1,2026
20260225,2026-02-25,25,2,1,2026
20260226,2026-02-26,26,2,1,2026
20260227,2026-02-27,27,2,1,2026
20260228,2026-02-28,28,2,1,2026
20260301,2026-03-01,1,3,1,2026
20260302,2026-03-02,2,3,1,2026
20260303,2026-03-03,3,3,1,2026
20260304,2026-03-04,4,3,1,2026
20260305,2026-03-05,5,3,1,2026
20260306,2026-03-06,6,3,1,2026
20260309,2026-03-09,9,3,1,2026
20260310,2026-03-10,10,3,1,2026
20260311,2026-03-11,11,3,1,2026
20260312,2026-03-12,12,3,1,2026
20260313,2026-03-13,13,3,1,2026
20260314,2026-03-14,14,3,1,2026
20260315,2026-03-15,15,3,1,2026
20260316,2026-03-16,16,3,1,2026
20260317,2026-03-17,17,3,1,2026
20260318,2026-03-18,18,3,1,2026
20260319,2026-03-19,19,3,1,2026
20260320,2026-03-20,20,3,1,2026
20260321,2026-03-21,21,3,1,2026
20260322,2026-03-22,22,3,1,2026
20260323,2026-03-23,23,3,1,2026
20260324,2026-03-24,24,3,1,2026
20260325,2026-03-25,25,3,1,2026
20260326,2026-03-26,26,3,1,2026
20260327,2026-03-27,27,3,1,2026
20260328,2026-03-28,28,3,1,2026
20260329,2026-03-29,29,3,1,2026
20260330,2026-03-30,30,3,1,2026
20260401,2026-04-01,1,4,2,2026
20260403,2026-04-03,3,4,2,2026
20260405,2026-04-05,5,4,2,2026
20260407,2026-04-07,7,4,2,2026
20260408,2026-04-08,8,4,2,2026
20260410,2026-04-10,10,4,2,2026
20260411,2026-04-11,11,4,2,2026
20260412,2026-04-12,12,4,2,2026
20260413,2026-04-13,13,4,2,2026
20260414,2026-04-14,14,4,2,2026
20260416,2026-04-16,16,4,2,2026
20260417,2026-04-17,17,4,2,2026
20260418,2026-04-18,18,4,2,2026
20260419,2026-04-19,19,4,2,2026
20260420,2026-04-20,20,4,2,2026
20260421,2026-04-21,21,4,2,2026
20260422,2026-04-22,22,4,2,2026
20260424,2026-04-24,24,4,2,2026
20260425,2026-04-25,25,4,2,2026
20260426,2026-04-26,26,4,2,2026
20260427,2026-04-27,27,4,2,2026
20260428,2026-04-28,28,4,2,2026
20260429,2026-04-29,29,4,2,2026
20260501,2026-05-01,1,5,2,2026
20260502,2026-05-02,2,5,2,2026
20260503,2026-05-03,3,5,2,2026
20260504,2026-05-04,4,5,2,2026
20260505,2026-05-05,5,5,2,2026
20260506,2026-05-06,6,5,2,2026
20260507,2026-05-07,7,5,2,2026
20260508,2026-05-08,8,5,2,2026
20260509,2026-05-09,9,5,2,2026
20260510,2026-05-10,10,5,2,2026
20260511,2026-05-11,11,5,2,2026
20260512,2026-05-12,12,5,2,2026
20260513,2026-05-13,13,5,2,2026
20260515,2026-05-15,15,5,2,2026
20260517,2026-05-17,17,5,2,2026
20260518,2026-05-18,18,5,2,2026
20260519,2026-05-19,19,5,2,2026
20260520,2026-05-20,20,5,2,2026
20260521,2026-05-21,21,5,2,2026
20260522,2026-05-22,22,5,2,2026
20260523,2026-05-23,23,5,2,2026
20260525,2026-05-25,25,5,2,2026
20260526,2026-05-26,26,5,2,2026
20260527,2026-05-27,27,5,2,2026
20260528,2026-05-28,28,5,2,2026
20260529,2026-05-29,29,5,2,2026
20260530,2026-05-30,30,5,2,2026
20260531,2026-05-31,31,5,2,2026
