sales_key,date_key,client_key,product_key,user_key,zone_key,order_id,quantity,unit_price,line_total,order_status
1,20251031,57,10,4,3,1,10,209.25,2092.5,draft
2,20251031,57,19,4,3,1,12,128.4,1540.8,draft
3,20251031,57,20,4,3,1,2,448.57,897.14,draft
4,20251031,57,2,4,3,1,4,42.11,168.44,draft
5,20251014,28,8,5,4,2,9,367.35,3306.15,validated
6,20251014,28,6,5,4,2,2,270.94,541.88,validated
7,20250602,21,10,4,3,3,5,209.25,1046.25,delivered
8,20250602,21,2,4,3,3,12,42.11,505.32,delivered
9,20250602,21,8,4,3,3,8,367.35,2938.8,delivered
10,20250602,21,23,4,3,3,2,440.06,880.12,delivered
11,20251014,30,14,2,1,4,9,186.07,1674.63,validated
12,20251014,30,4,2,1,4,4,222.64,890.56,validated
13,20251015,20,2,6,5,5,3,42.11,126.33,validated
14,20260401,40,15,4,3,6,5,175.8,879,validated
15,20260401,40,4,4,3,6,12,222.64,2671.68,validated
16,20260401,40,23,4,3,6,7,440.06,3080.42,validated
17,20260212,35,3,2,1,7,7,89.76,628.32,delivered
18,20260212,35,20,2,1,7,12,448.57,5382.84,delivered
19,20260212,35,2,2,1,7,6,42.11,252.66,delivered
20,20260212,35,29,2,1,7,10,88.41,884.1,delivered
21,20250614,33,25,5,4,8,11,439.08,4829.88,delivered
22,20260323,35,16,2,1,9,11,399.05,4389.55,delivered
23,20260323,35,17,2,1,9,8,197.73,1581.84,delivered
24,20250901,36,21,6,5,10,8,122.98,983.84,cancelled
25,20250901,36,27,6,5,10,6,169.8,1018.8,cancelled
26,20250901,36,16,6,5,10,7,399.05,2793.35,cancelled
27,20250901,36,3,6,5,10,6,89.76,538.56,cancelled
28,20260510,42,11,2,1,11,12,99.86,1198.32,delivered
29,20260510,42,14,2,1,11,8,186.07,1488.56,delivered
30,20260506,37,15,3,2,12,2,175.8,351.6,draft
31,20251008,41,28,2,1,13,11,195.3,2148.3,delivered
32,20251008,41,17,2,1,13,9,197.73,1779.57,delivered
33,20251008,41,27,2,1,13,8,169.8,1358.4,delivered
34,20251008,41,1,2,1,13,7,449.96,3149.72,delivered
35,20250905,7,21,6,5,14,4,122.98,491.92,delivered
36,20250905,7,15,6,5,14,5,175.8,879,delivered
37,20250905,7,25,6,5,14,9,439.08,3951.72,delivered
38,20250905,7,2,6,5,14,3,42.11,126.33,delivered
39,20260111,37,4,3,2,15,4,222.64,890.56,draft
40,20260111,37,1,3,2,15,12,449.96,5399.52,draft
41,20260111,37,21,3,2,15,3,122.98,368.94,draft
42,20260111,37,20,3,2,15,5,448.57,2242.85,draft
43,20250608,71,8,4,3,16,2,367.35,734.7,delivered
44,20250731,60,16,5,4,17,12,399.05,4788.6,validated
45,20250731,60,30,5,4,17,5,201.87,1009.35,validated
46,20260528,66,16,6,5,18,3,399.05,1197.15,delivered
47,20260528,66,8,6,5,18,7,367.35,2571.45,delivered
48,20260528,66,15,6,5,18,4,175.8,703.2,delivered
49,20260528,66,18,6,5,18,10,215.47,2154.7,delivered
50,20250809,66,25,6,5,19,7,439.08,3073.56,draft
51,20250809,66,26,6,5,19,6,233.62,1401.72,draft
52,20250809,66,28,6,5,19,9,195.3,1757.7,draft
53,20250602,35,27,2,1,20,8,169.8,1358.4,delivered
54,20250602,35,19,2,1,20,3,128.4,385.2,delivered
55,20250602,35,22,2,1,20,8,318.32,2546.56,delivered
56,20260203,69,15,6,5,21,4,175.8,703.2,delivered
57,20260203,69,30,6,5,21,12,201.87,2422.44,delivered
58,20260203,69,11,6,5,21,4,99.86,399.44,delivered
59,20260203,69,28,6,5,21,10,195.3,1953,delivered
60,20250928,50,2,4,3,22,12,42.11,505.32,draft
61,20250928,50,11,4,3,22,7,99.86,699.02,draft
62,20250928,50,24,4,3,22,7,101.26,708.82,draft
63,20250928,50,16,4,3,22,11,399.05,4389.55,draft
64,20260209,20,17,6,5,23,6,197.73,1186.38,cancelled
65,20260209,20,19,6,5,23,2,128.4,256.8,cancelled
66,20250722,57,1,4,3,24,11,449.96,4949.56,delivered
67,20250722,57,24,4,3,24,3,101.26,303.78,delivered
68,20250722,57,5,4,3,24,2,434.59,869.18,delivered
69,20250722,57,14,4,3,24,8,186.07,1488.56,delivered
70,20251121,34,21,5,4,25,11,122.98,1352.78,validated
71,20251121,34,3,5,4,25,9,89.76,807.84,validated
72,20251121,34,28,5,4,25,7,195.3,1367.1,validated
73,20251121,34,11,5,4,25,6,99.86,599.16,validated
74,20260305,63,8,5,4,26,11,367.35,4040.85,delivered
75,20250925,37,4,3,2,27,2,222.64,445.28,validated
76,20250925,37,25,3,2,27,8,439.08,3512.64,validated
77,20250925,37,21,3,2,27,3,122.98,368.94,validated
78,20250925,37,23,3,2,27,12,440.06,5280.72,validated
79,20250615,39,10,6,5,28,6,209.25,1255.5,delivered
80,20260107,48,19,3,2,29,3,128.4,385.2,delivered
81,20260107,48,22,3,2,29,3,318.32,954.96,delivered
82,20260107,48,26,3,2,29,2,233.62,467.24,delivered
83,20260107,48,6,3,2,29,10,270.94,2709.4,delivered
84,20260414,49,30,4,3,30,8,201.87,1614.96,validated
85,20260414,49,19,4,3,30,11,128.4,1412.4,validated
86,20260414,49,5,4,3,30,5,434.59,2172.95,validated
87,20260414,49,8,4,3,30,8,367.35,2938.8,validated
88,20260508,33,29,5,4,31,3,88.41,265.23,delivered
89,20260508,33,10,5,4,31,2,209.25,418.5,delivered
90,20260508,33,22,5,4,31,8,318.32,2546.56,delivered
91,20260508,33,18,5,4,31,6,215.47,1292.82,delivered
92,20251101,76,23,5,4,32,5,440.06,2200.3,validated
93,20251101,76,9,5,4,32,4,54.31,217.24,validated
94,20251101,76,15,5,4,32,7,175.8,1230.6,validated
95,20251101,76,28,5,4,32,8,195.3,1562.4,validated
96,20250930,14,19,6,5,33,5,128.4,642,delivered
97,20250930,14,10,6,5,33,1,209.25,209.25,delivered
98,20250930,14,23,6,5,33,11,440.06,4840.66,delivered
99,20251019,51,30,3,2,34,10,201.87,2018.7,delivered
100,20251025,64,20,4,3,35,6,448.57,2691.42,validated
101,20251025,64,26,4,3,35,4,233.62,934.48,validated
102,20260414,25,21,3,2,36,11,122.98,1352.78,delivered
103,20260414,25,4,3,2,36,11,222.64,2449.04,delivered
104,20251106,6,19,2,1,37,6,128.4,770.4,validated
105,20250717,17,24,4,3,38,4,101.26,405.04,draft
106,20250717,17,14,4,3,38,3,186.07,558.21,draft
107,20250717,17,6,4,3,38,9,270.94,2438.46,draft
108,20260227,47,27,4,3,39,8,169.8,1358.4,delivered
109,20260227,47,6,4,3,39,5,270.94,1354.7,delivered
110,20260227,47,9,4,3,39,12,54.31,651.72,delivered
111,20250729,44,5,3,2,40,4,434.59,1738.36,delivered
112,20260313,51,1,3,2,41,8,449.96,3599.68,delivered
113,20260313,51,9,3,2,41,6,54.31,325.86,delivered
114,20260313,51,18,3,2,41,11,215.47,2370.17,delivered
115,20260313,51,4,3,2,41,12,222.64,2671.68,delivered
116,20260327,34,4,5,4,42,8,222.64,1781.12,delivered
117,20260327,34,22,5,4,42,1,318.32,318.32,delivered
118,20260327,34,8,5,4,42,10,367.35,3673.5,delivered
119,20251115,72,21,2,1,43,11,122.98,1352.78,draft
120,20251115,72,3,2,1,43,8,89.76,718.08,draft
121,20260429,39,2,6,5,44,8,42.11,336.88,delivered
122,20260429,39,10,6,5,44,2,209.25,418.5,delivered
123,20250929,13,13,5,4,45,6,143.54,861.24,draft
124,20250929,13,15,5,4,45,11,175.8,1933.8,draft
125,20260101,70,29,6,5,46,11,88.41,972.51,delivered
126,20260101,70,14,6,5,46,2,186.07,372.14,delivered
127,20260412,63,2,5,4,47,4,42.11,168.44,delivered
128,20260412,63,23,5,4,47,8,440.06,3520.48,delivered
129,20260412,63,12,5,4,47,8,210.12,1680.96,delivered
130,20251203,31,18,5,4,48,6,215.47,1292.82,delivered
131,20251203,31,29,5,4,48,1,88.41,88.41,delivered
132,20251203,31,21,5,4,48,7,122.98,860.86,delivered
133,20250906,36,3,6,5,49,11,89.76,987.36,cancelled
134,20250906,36,22,6,5,49,10,318.32,3183.2,cancelled
135,20250906,36,7,6,5,49,1,109.29,109.29,cancelled
136,20250906,36,21,6,5,49,1,122.98,122.98,cancelled
137,20251003,43,3,4,3,50,9,89.76,807.84,cancelled
138,20251003,43,27,4,3,50,4,169.8,679.2,cancelled
139,20250919,76,11,5,4,51,3,99.86,299.58,validated
140,20250919,76,25,5,4,51,10,439.08,4390.8,validated
141,20251020,1,5,2,1,52,5,434.59,2172.95,draft
142,20251020,1,18,2,1,52,3,215.47,646.41,draft
143,20260505,15,1,2,1,53,4,449.96,1799.84,draft
144,20260505,15,12,2,1,53,10,210.12,2101.2,draft
145,20250609,42,5,2,1,54,12,434.59,5215.08,delivered
146,20260225,54,16,3,2,55,8,399.05,3192.4,delivered
147,20260218,47,17,4,3,56,12,197.73,2372.76,delivered
148,20260218,47,8,4,3,56,11,367.35,4040.85,delivered
149,20260218,47,20,4,3,56,9,448.57,4037.13,delivered
150,20260218,47,2,4,3,56,5,42.11,210.55,delivered
151,20260426,59,16,4,3,57,7,399.05,2793.35,cancelled
152,20260518,55,3,4,3,58,3,89.76,269.28,delivered
153,20260518,55,29,4,3,58,2,88.41,176.82,delivered
154,20260518,55,11,4,3,58,3,99.86,299.58,delivered
155,20260518,55,20,4,3,58,5,448.57,2242.85,delivered
156,20260421,80,13,5,4,59,5,143.54,717.7,delivered
157,20260421,80,20,5,4,59,8,448.57,3588.56,delivered
158,20260421,80,17,5,4,59,9,197.73,1779.57,delivered
159,20260107,78,28,6,5,60,11,195.3,2148.3,delivered
160,20250919,71,14,4,3,61,8,186.07,1488.56,delivered
161,20250919,71,11,4,3,61,7,99.86,699.02,delivered
162,20250719,54,22,3,2,62,3,318.32,954.96,delivered
163,20250719,54,9,3,2,62,11,54.31,597.41,delivered
164,20250719,54,12,3,2,62,8,210.12,1680.96,delivered
165,20250717,9,14,4,3,63,2,186.07,372.14,validated
166,20250806,48,22,3,2,64,6,318.32,1909.92,delivered
167,20250806,48,4,3,2,64,11,222.64,2449.04,delivered
168,20250806,48,14,3,2,64,7,186.07,1302.49,delivered
169,20251026,7,4,6,5,65,4,222.64,890.56,validated
170,20251026,7,19,6,5,65,3,128.4,385.2,validated
171,20251026,7,17,6,5,65,11,197.73,2175.03,validated
172,20250923,62,28,6,5,66,2,195.3,390.6,validated
173,20250923,62,18,6,5,66,5,215.47,1077.35,validated
174,20250923,62,12,6,5,66,10,210.12,2101.2,validated
175,20260106,29,20,2,1,67,11,448.57,4934.27,validated
176,20250615,35,30,2,1,68,1,201.87,201.87,delivered
177,20250615,35,11,2,1,68,3,99.86,299.58,delivered
178,20250615,35,12,2,1,68,3,210.12,630.36,delivered
179,20260503,73,24,3,2,69,1,101.26,101.26,delivered
180,20260503,73,21,3,2,69,2,122.98,245.96,delivered
181,20250919,68,11,6,5,70,12,99.86,1198.32,delivered
182,20250919,68,6,6,5,70,6,270.94,1625.64,delivered
183,20250919,68,12,6,5,70,10,210.12,2101.2,delivered
184,20250919,68,10,6,5,70,10,209.25,2092.5,delivered
185,20250627,11,22,6,5,71,2,318.32,636.64,delivered
186,20260113,35,20,2,1,72,4,448.57,1794.28,validated
187,20260113,35,15,2,1,72,9,175.8,1582.2,validated
188,20260113,35,14,2,1,72,2,186.07,372.14,validated
189,20260113,35,9,2,1,72,6,54.31,325.86,validated
190,20250727,56,17,4,3,73,4,197.73,790.92,delivered
191,20250727,56,22,4,3,73,7,318.32,2228.24,delivered
192,20250727,56,10,4,3,73,10,209.25,2092.5,delivered
193,20250727,56,2,4,3,73,1,42.11,42.11,delivered
194,20250913,1,25,2,1,74,5,439.08,2195.4,delivered
195,20250913,1,5,2,1,74,5,434.59,2172.95,delivered
196,20250801,42,6,2,1,75,12,270.94,3251.28,delivered
197,20250801,42,5,2,1,75,4,434.59,1738.36,delivered
198,20250801,42,13,2,1,75,9,143.54,1291.86,delivered
199,20250801,42,18,2,1,75,9,215.47,1939.23,delivered
200,20250707,46,14,2,1,76,1,186.07,186.07,delivered
201,20250710,59,19,4,3,77,7,128.4,898.8,draft
202,20250710,59,13,4,3,77,5,143.54,717.7,draft
203,20250710,59,23,4,3,77,2,440.06,880.12,draft
204,20250710,59,21,4,3,77,7,122.98,860.86,draft
205,20251114,3,27,6,5,78,2,169.8,339.6,delivered
206,20251114,3,23,6,5,78,7,440.06,3080.42,delivered
207,20251114,3,30,6,5,78,2,201.87,403.74,delivered
208,20251114,3,12,6,5,78,4,210.12,840.48,delivered
209,20260329,56,13,4,3,79,5,143.54,717.7,delivered
210,20250922,44,3,3,2,80,11,89.76,987.36,delivered
211,20250922,44,17,3,2,80,2,197.73,395.46,delivered
212,20260217,68,12,6,5,81,11,210.12,2311.32,delivered
213,20260217,68,24,6,5,81,3,101.26,303.78,delivered
214,20260217,68,27,6,5,81,4,169.8,679.2,delivered
215,20250814,14,20,6,5,82,11,448.57,4934.27,delivered
216,20250814,14,5,6,5,82,2,434.59,869.18,delivered
217,20260418,23,22,3,2,83,11,318.32,3501.52,delivered
218,20260418,23,30,3,2,83,11,201.87,2220.57,delivered
219,20260418,23,29,3,2,83,10,88.41,884.1,delivered
220,20260418,23,19,3,2,83,6,128.4,770.4,delivered
221,20250817,41,15,2,1,84,5,175.8,879,delivered
222,20250817,41,21,2,1,84,10,122.98,1229.8,delivered
223,20250817,41,10,2,1,84,1,209.25,209.25,delivered
224,20250817,41,26,2,1,84,6,233.62,1401.72,delivered
225,20250708,65,2,2,1,85,2,42.11,84.22,delivered
226,20250708,65,12,2,1,85,11,210.12,2311.32,delivered
227,20250708,65,27,2,1,85,2,169.8,339.6,delivered
228,20250708,65,10,2,1,85,10,209.25,2092.5,delivered
229,20260215,77,15,5,4,86,10,175.8,1758,delivered
230,20251112,25,2,3,2,87,2,42.11,84.22,validated
231,20251112,25,15,3,2,87,6,175.8,1054.8,validated
232,20260214,11,8,6,5,88,12,367.35,4408.2,validated
233,20260111,57,12,4,3,89,5,210.12,1050.6,delivered
234,20260111,57,30,4,3,89,7,201.87,1413.09,delivered
235,20251121,53,26,2,1,90,11,233.62,2569.82,validated
236,20250704,43,10,4,3,91,11,209.25,2301.75,delivered
237,20250704,43,9,4,3,91,10,54.31,543.1,delivered
238,20250704,43,24,4,3,91,3,101.26,303.78,delivered
239,20250704,43,28,4,3,91,6,195.3,1171.8,delivered
240,20260326,11,10,6,5,92,11,209.25,2301.75,validated
241,20260326,11,21,6,5,92,7,122.98,860.86,validated
242,20260326,11,23,6,5,92,3,440.06,1320.18,validated
243,20260529,77,18,5,4,93,6,215.47,1292.82,draft
244,20260529,77,13,5,4,93,3,143.54,430.62,draft
245,20260529,77,21,5,4,93,11,122.98,1352.78,draft
246,20250718,68,17,6,5,94,3,197.73,593.19,validated
247,20250718,68,12,6,5,94,4,210.12,840.48,validated
248,20250718,68,1,6,5,94,6,449.96,2699.76,validated
249,20250718,68,10,6,5,94,8,209.25,1674,validated
250,20250924,25,3,3,2,95,2,89.76,179.52,cancelled
251,20250924,25,10,3,2,95,9,209.25,1883.25,cancelled
252,20260225,70,29,6,5,96,3,88.41,265.23,delivered
253,20260225,70,25,6,5,96,10,439.08,4390.8,delivered
254,20260225,70,20,6,5,96,7,448.57,3139.99,delivered
255,20250823,20,24,6,5,97,1,101.26,101.26,delivered
256,20250823,20,15,6,5,97,7,175.8,1230.6,delivered
257,20260513,47,20,4,3,98,8,448.57,3588.56,validated
258,20260513,47,10,4,3,98,4,209.25,837,validated
259,20260513,47,25,4,3,98,9,439.08,3951.72,validated
260,20260513,47,24,4,3,98,4,101.26,405.04,validated
261,20260127,40,12,4,3,99,10,210.12,2101.2,draft
262,20260127,40,22,4,3,99,8,318.32,2546.56,draft
263,20251023,60,6,5,4,100,10,270.94,2709.4,validated
264,20251023,60,27,5,4,100,3,169.8,509.4,validated
265,20251023,60,7,5,4,100,5,109.29,546.45,validated
266,20251023,60,26,5,4,100,1,233.62,233.62,validated
267,20251208,62,23,6,5,101,9,440.06,3960.54,delivered
268,20251024,16,9,5,4,102,9,54.31,488.79,delivered
269,20251024,16,15,5,4,102,3,175.8,527.4,delivered
270,20250717,56,27,4,3,103,6,169.8,1018.8,draft
271,20250717,56,15,4,3,103,1,175.8,175.8,draft
272,20250628,54,8,3,2,104,6,367.35,2204.1,delivered
273,20250628,54,13,3,2,104,4,143.54,574.16,delivered
274,20250628,54,3,3,2,104,1,89.76,89.76,delivered
275,20250721,41,26,2,1,105,5,233.62,1168.1,validated
276,20250721,41,5,2,1,105,8,434.59,3476.72,validated
277,20250721,41,2,2,1,105,12,42.11,505.32,validated
278,20260528,18,29,4,3,106,2,88.41,176.82,delivered
279,20251010,3,18,6,5,107,10,215.47,2154.7,delivered
280,20251010,3,24,6,5,107,9,101.26,911.34,delivered
281,20250727,55,10,4,3,108,1,209.25,209.25,validated
282,20250727,55,4,4,3,108,4,222.64,890.56,validated
283,20260424,54,3,3,2,109,8,89.76,718.08,validated
284,20260424,54,4,3,2,109,10,222.64,2226.4,validated
285,20260424,54,27,3,2,109,9,169.8,1528.2,validated
286,20260424,54,29,3,2,109,1,88.41,88.41,validated
287,20260322,66,10,6,5,110,1,209.25,209.25,delivered
288,20260322,66,14,6,5,110,10,186.07,1860.7,delivered
289,20251002,46,22,2,1,111,9,318.32,2864.88,delivered
290,20251002,46,3,2,1,111,6,89.76,538.56,delivered
291,20260225,9,13,4,3,112,8,143.54,1148.32,delivered
292,20260422,6,9,2,1,113,6,54.31,325.86,delivered
293,20260422,6,24,2,1,113,2,101.26,202.52,delivered
294,20260422,6,1,2,1,113,6,449.96,2699.76,delivered
295,20260503,31,5,5,4,114,9,434.59,3911.31,validated
296,20260503,31,2,5,4,114,6,42.11,252.66,validated
297,20260503,31,12,5,4,114,11,210.12,2311.32,validated
298,20260517,23,21,3,2,115,2,122.98,245.96,delivered
299,20260517,23,6,3,2,115,12,270.94,3251.28,delivered
300,20260517,23,26,3,2,115,8,233.62,1868.96,delivered
301,20260517,23,5,3,2,115,1,434.59,434.59,delivered
302,20250912,38,29,3,2,116,6,88.41,530.46,delivered
303,20250912,38,2,3,2,116,5,42.11,210.55,delivered
304,20251221,66,9,6,5,117,4,54.31,217.24,cancelled
305,20251221,66,2,6,5,117,5,42.11,210.55,cancelled
306,20251221,66,25,6,5,117,6,439.08,2634.48,cancelled
307,20251221,66,21,6,5,117,1,122.98,122.98,cancelled
308,20251018,43,14,4,3,118,12,186.07,2232.84,delivered
309,20251018,43,29,4,3,118,8,88.41,707.28,delivered
310,20251018,43,13,4,3,118,7,143.54,1004.78,delivered
311,20250904,44,12,3,2,119,5,210.12,1050.6,delivered
312,20250904,44,30,3,2,119,2,201.87,403.74,delivered
313,20250904,44,26,3,2,119,12,233.62,2803.44,delivered
314,20250904,44,17,3,2,119,7,197.73,1384.11,delivered
315,20260107,11,18,6,5,120,6,215.47,1292.82,validated
316,20260107,11,10,6,5,120,2,209.25,418.5,validated
317,20251115,11,15,6,5,121,7,175.8,1230.6,validated
318,20251115,11,20,6,5,121,3,448.57,1345.71,validated
319,20251115,11,23,6,5,121,12,440.06,5280.72,validated
320,20251127,57,20,4,3,122,11,448.57,4934.27,delivered
321,20251127,57,14,4,3,122,1,186.07,186.07,delivered
322,20251127,57,9,4,3,122,2,54.31,108.62,delivered
323,20251204,52,1,5,4,123,10,449.96,4499.6,delivered
324,20251204,52,5,5,4,123,11,434.59,4780.49,delivered
325,20250618,57,25,4,3,124,6,439.08,2634.48,delivered
326,20250618,57,21,4,3,124,6,122.98,737.88,delivered
327,20260318,50,22,4,3,125,6,318.32,1909.92,delivered
328,20260318,50,15,4,3,125,6,175.8,1054.8,delivered
329,20250710,57,13,4,3,126,5,143.54,717.7,delivered
330,20250710,57,11,4,3,126,4,99.86,399.44,delivered
331,20250710,57,21,4,3,126,2,122.98,245.96,delivered
332,20250904,4,30,2,1,127,5,201.87,1009.35,delivered
333,20250904,4,18,2,1,127,12,215.47,2585.64,delivered
334,20250904,4,4,2,1,127,8,222.64,1781.12,delivered
335,20250904,4,9,2,1,127,4,54.31,217.24,delivered
336,20251025,79,7,5,4,128,2,109.29,218.58,validated
337,20251025,79,4,5,4,128,8,222.64,1781.12,validated
338,20251025,79,5,5,4,128,3,434.59,1303.77,validated
339,20251025,79,28,5,4,128,12,195.3,2343.6,validated
340,20250715,57,22,4,3,129,2,318.32,636.64,validated
341,20250715,57,12,4,3,129,9,210.12,1891.08,validated
342,20250715,57,23,4,3,129,9,440.06,3960.54,validated
343,20251101,38,26,3,2,130,9,233.62,2102.58,draft
344,20251101,38,12,3,2,130,4,210.12,840.48,draft
345,20250911,16,26,5,4,131,1,233.62,233.62,validated
346,20250911,16,16,5,4,131,6,399.05,2394.3,validated
347,20260321,71,20,4,3,132,2,448.57,897.14,delivered
348,20260321,71,29,4,3,132,2,88.41,176.82,delivered
349,20251221,40,17,4,3,133,10,197.73,1977.3,cancelled
350,20251221,40,14,4,3,133,2,186.07,372.14,cancelled
351,20251221,40,25,4,3,133,3,439.08,1317.24,cancelled
352,20251221,40,27,4,3,133,6,169.8,1018.8,cancelled
353,20260117,10,5,2,1,134,9,434.59,3911.31,delivered
354,20260117,10,29,2,1,134,11,88.41,972.51,delivered
355,20260117,10,27,2,1,134,10,169.8,1698,delivered
356,20250806,24,27,3,2,135,2,169.8,339.6,delivered
357,20250818,67,11,2,1,136,12,99.86,1198.32,delivered
358,20250818,67,30,2,1,136,4,201.87,807.48,delivered
359,20260221,45,9,4,3,137,4,54.31,217.24,draft
360,20251019,71,20,4,3,138,9,448.57,4037.13,delivered
361,20251019,71,18,4,3,138,11,215.47,2370.17,delivered
362,20251019,71,3,4,3,138,3,89.76,269.28,delivered
363,20260325,76,27,5,4,139,1,169.8,169.8,delivered
364,20260325,76,30,5,4,139,1,201.87,201.87,delivered
365,20260325,76,19,5,4,139,2,128.4,256.8,delivered
366,20260425,6,21,2,1,140,10,122.98,1229.8,validated
367,20260425,6,7,2,1,140,7,109.29,765.03,validated
368,20260425,6,25,2,1,140,10,439.08,4390.8,validated
369,20260210,4,21,2,1,141,4,122.98,491.92,draft
370,20260210,4,10,2,1,141,11,209.25,2301.75,draft
371,20260210,4,16,2,1,141,7,399.05,2793.35,draft
372,20260119,39,6,6,5,142,8,270.94,2167.52,delivered
373,20260203,54,20,3,2,143,12,448.57,5382.84,delivered
374,20260203,54,5,3,2,143,6,434.59,2607.54,delivered
375,20260203,54,11,3,2,143,12,99.86,1198.32,delivered
376,20251222,45,17,4,3,144,6,197.73,1186.38,delivered
377,20251222,45,18,4,3,144,4,215.47,861.88,delivered
378,20251222,45,4,4,3,144,8,222.64,1781.12,delivered
379,20251015,16,4,5,4,145,5,222.64,1113.2,delivered
380,20251015,16,2,5,4,145,7,42.11,294.77,delivered
381,20260101,79,27,5,4,146,10,169.8,1698,delivered
382,20260101,79,11,5,4,146,12,99.86,1198.32,delivered
383,20250906,41,17,2,1,147,5,197.73,988.65,validated
384,20250906,41,15,2,1,147,8,175.8,1406.4,validated
385,20250906,41,16,2,1,147,1,399.05,399.05,validated
386,20250906,41,29,2,1,147,2,88.41,176.82,validated
387,20260214,51,7,3,2,148,6,109.29,655.74,delivered
388,20260214,51,19,3,2,148,1,128.4,128.4,delivered
389,20251023,7,10,6,5,149,2,209.25,418.5,delivered
390,20251023,7,18,6,5,149,7,215.47,1508.29,delivered
391,20251023,7,1,6,5,149,3,449.96,1349.88,delivered
392,20251023,7,28,6,5,149,5,195.3,976.5,delivered
393,20251224,47,2,4,3,150,6,42.11,252.66,delivered
394,20251224,47,19,4,3,150,9,128.4,1155.6,delivered
395,20251224,47,18,4,3,150,5,215.47,1077.35,delivered
396,20251224,47,7,4,3,150,2,109.29,218.58,delivered
397,20260214,50,27,4,3,151,10,169.8,1698,delivered
398,20260214,50,20,4,3,151,2,448.57,897.14,delivered
399,20260214,50,22,4,3,151,3,318.32,954.96,delivered
400,20251219,13,18,5,4,152,3,215.47,646.41,delivered
401,20251219,13,12,5,4,152,4,210.12,840.48,delivered
402,20251219,13,25,5,4,152,10,439.08,4390.8,delivered
403,20251223,66,2,6,5,153,3,42.11,126.33,delivered
404,20260129,43,20,4,3,154,9,448.57,4037.13,delivered
405,20260129,43,29,4,3,154,3,88.41,265.23,delivered
406,20260410,42,20,2,1,155,10,448.57,4485.7,delivered
407,20260410,42,24,2,1,155,6,101.26,607.56,delivered
408,20260410,42,27,2,1,155,9,169.8,1528.2,delivered
409,20260410,42,10,2,1,155,9,209.25,1883.25,delivered
410,20260206,69,16,6,5,156,6,399.05,2394.3,validated
411,20260206,69,27,6,5,156,6,169.8,1018.8,validated
412,20260206,69,1,6,5,156,11,449.96,4949.56,validated
413,20251231,15,20,2,1,157,8,448.57,3588.56,delivered
414,20260502,34,24,5,4,158,10,101.26,1012.6,validated
415,20260502,34,2,5,4,158,8,42.11,336.88,validated
416,20260224,22,5,2,1,159,1,434.59,434.59,validated
417,20260224,22,27,2,1,159,10,169.8,1698,validated
418,20260224,22,22,2,1,159,12,318.32,3819.84,validated
419,20260224,22,8,2,1,159,2,367.35,734.7,validated
420,20250610,25,5,3,2,160,7,434.59,3042.13,delivered
421,20250610,25,14,3,2,160,9,186.07,1674.63,delivered
422,20250610,25,23,3,2,160,10,440.06,4400.6,delivered
423,20250610,25,7,3,2,160,8,109.29,874.32,delivered
424,20260528,8,18,3,2,161,11,215.47,2370.17,delivered
425,20260528,8,11,3,2,161,8,99.86,798.88,delivered
426,20251210,68,15,6,5,162,9,175.8,1582.2,delivered
427,20251210,68,30,6,5,162,6,201.87,1211.22,delivered
428,20251129,70,20,6,5,163,4,448.57,1794.28,validated
429,20251129,70,16,6,5,163,5,399.05,1995.25,validated
430,20251129,70,7,6,5,163,9,109.29,983.61,validated
431,20250924,39,25,6,5,164,4,439.08,1756.32,draft
432,20250924,39,10,6,5,164,12,209.25,2511,draft
433,20250924,39,23,6,5,164,12,440.06,5280.72,draft
434,20251110,63,10,5,4,165,11,209.25,2301.75,delivered
435,20251110,63,4,5,4,165,9,222.64,2003.76,delivered
436,20251110,63,19,5,4,165,7,128.4,898.8,delivered
437,20251124,51,10,3,2,166,5,209.25,1046.25,cancelled
438,20251124,51,2,3,2,166,12,42.11,505.32,cancelled
439,20251125,11,24,6,5,167,4,101.26,405.04,draft
440,20251125,11,16,6,5,167,9,399.05,3591.45,draft
441,20251125,11,7,6,5,167,5,109.29,546.45,draft
442,20260523,72,20,2,1,168,12,448.57,5382.84,delivered
443,20251001,76,21,5,4,169,1,122.98,122.98,delivered
444,20251001,76,8,5,4,169,2,367.35,734.7,delivered
445,20251117,53,22,2,1,170,3,318.32,954.96,validated
446,20260309,1,14,2,1,171,8,186.07,1488.56,cancelled
447,20260309,1,21,2,1,171,8,122.98,983.84,cancelled
448,20251026,26,30,2,1,172,2,201.87,403.74,delivered
449,20250927,74,30,6,5,173,3,201.87,605.61,delivered
450,20250830,54,27,3,2,174,7,169.8,1188.6,draft
451,20250904,64,29,4,3,175,5,88.41,442.05,draft
452,20250904,64,2,4,3,175,10,42.11,421.1,draft
453,20250904,64,1,4,3,175,10,449.96,4499.6,draft
454,20251119,14,29,6,5,176,8,88.41,707.28,delivered
455,20251119,14,5,6,5,176,5,434.59,2172.95,delivered
456,20251119,14,28,6,5,176,4,195.3,781.2,delivered
457,20251119,14,17,6,5,176,2,197.73,395.46,delivered
458,20250823,43,23,4,3,177,12,440.06,5280.72,validated
459,20250823,43,6,4,3,177,6,270.94,1625.64,validated
460,20250823,43,1,4,3,177,5,449.96,2249.8,validated
461,20260512,73,20,3,2,178,11,448.57,4934.27,validated
462,20260512,73,28,3,2,178,7,195.3,1367.1,validated
463,20260219,55,22,4,3,179,8,318.32,2546.56,delivered
464,20260219,55,4,4,3,179,6,222.64,1335.84,delivered
465,20260219,55,6,4,3,179,4,270.94,1083.76,delivered
466,20260219,55,5,4,3,179,1,434.59,434.59,delivered
467,20251214,34,11,5,4,180,12,99.86,1198.32,delivered
468,20251214,34,10,5,4,180,10,209.25,2092.5,delivered
469,20251214,34,19,5,4,180,1,128.4,128.4,delivered
470,20260501,34,2,5,4,181,2,42.11,84.22,delivered
471,20260501,34,22,5,4,181,8,318.32,2546.56,delivered
472,20250821,40,23,4,3,182,5,440.06,2200.3,delivered
473,20250821,40,4,4,3,182,6,222.64,1335.84,delivered
474,20250821,40,21,4,3,182,10,122.98,1229.8,delivered
475,20250921,29,5,2,1,183,6,434.59,2607.54,cancelled
476,20250921,29,15,2,1,183,7,175.8,1230.6,cancelled
477,20250921,29,24,2,1,183,12,101.26,1215.12,cancelled
478,20250921,29,20,2,1,183,9,448.57,4037.13,cancelled
479,20260303,61,25,3,2,184,11,439.08,4829.88,validated
480,20260303,61,8,3,2,184,10,367.35,3673.5,validated
481,20260225,11,3,6,5,185,2,89.76,179.52,delivered
482,20260225,11,30,6,5,185,1,201.87,201.87,delivered
483,20260225,11,19,6,5,185,9,128.4,1155.6,delivered
484,20250912,65,6,2,1,186,9,270.94,2438.46,delivered
485,20250912,65,11,2,1,186,8,99.86,798.88,delivered
486,20260515,15,3,2,1,187,1,89.76,89.76,delivered
487,20260515,15,29,2,1,187,8,88.41,707.28,delivered
488,20260515,15,17,2,1,187,3,197.73,593.19,delivered
489,20260515,15,15,2,1,187,9,175.8,1582.2,delivered
490,20260120,54,22,3,2,188,1,318.32,318.32,delivered
491,20260120,54,26,3,2,188,7,233.62,1635.34,delivered
492,20260120,54,10,3,2,188,5,209.25,1046.25,delivered
493,20260120,54,24,3,2,188,1,101.26,101.26,delivered
494,20260324,28,12,5,4,189,1,210.12,210.12,delivered
495,20260324,28,23,5,4,189,2,440.06,880.12,delivered
496,20260324,28,3,5,4,189,8,89.76,718.08,delivered
497,20260324,28,18,5,4,189,1,215.47,215.47,delivered
498,20251227,37,25,3,2,190,12,439.08,5268.96,delivered
499,20251227,37,21,3,2,190,11,122.98,1352.78,delivered
500,20251209,54,15,3,2,191,7,175.8,1230.6,cancelled
501,20251209,54,28,3,2,191,2,195.3,390.6,cancelled
502,20251209,54,30,3,2,191,11,201.87,2220.57,cancelled
503,20251209,54,13,3,2,191,11,143.54,1578.94,cancelled
504,20250808,70,4,6,5,192,7,222.64,1558.48,validated
505,20250808,70,6,6,5,192,9,270.94,2438.46,validated
506,20250808,70,18,6,5,192,3,215.47,646.41,validated
507,20250602,29,15,2,1,193,9,175.8,1582.2,validated
508,20250602,29,22,2,1,193,7,318.32,2228.24,validated
509,20250602,29,24,2,1,193,9,101.26,911.34,validated
510,20250926,49,5,4,3,194,12,434.59,5215.08,delivered
511,20250926,49,9,4,3,194,2,54.31,108.62,delivered
512,20250926,49,7,4,3,194,1,109.29,109.29,delivered
513,20260411,54,8,3,2,195,4,367.35,1469.4,validated
514,20250722,9,20,4,3,196,1,448.57,448.57,delivered
515,20250722,9,22,4,3,196,4,318.32,1273.28,delivered
516,20250722,9,23,4,3,196,12,440.06,5280.72,delivered
517,20250722,9,28,4,3,196,1,195.3,195.3,delivered
518,20260111,52,25,5,4,197,1,439.08,439.08,delivered
519,20260111,52,28,5,4,197,3,195.3,585.9,delivered
520,20251027,65,19,2,1,198,11,128.4,1412.4,delivered
521,20251027,65,20,2,1,198,6,448.57,2691.42,delivered
522,20251027,65,25,2,1,198,4,439.08,1756.32,delivered
523,20250813,39,14,6,5,199,5,186.07,930.35,cancelled
524,20250813,39,10,6,5,199,1,209.25,209.25,cancelled
525,20260330,72,21,2,1,200,7,122.98,860.86,draft
526,20260330,72,22,2,1,200,9,318.32,2864.88,draft
527,20250625,64,26,4,3,201,7,233.62,1635.34,cancelled
528,20250625,64,17,4,3,201,7,197.73,1384.11,cancelled
529,20250625,64,11,4,3,201,3,99.86,299.58,cancelled
530,20250625,64,23,4,3,201,5,440.06,2200.3,cancelled
531,20250903,49,8,4,3,202,3,367.35,1102.05,validated
532,20250903,49,28,4,3,202,8,195.3,1562.4,validated
533,20250903,49,10,4,3,202,1,209.25,209.25,validated
534,20250903,49,23,4,3,202,9,440.06,3960.54,validated
535,20251231,53,13,2,1,203,5,143.54,717.7,delivered
536,20251231,53,8,2,1,203,4,367.35,1469.4,delivered
537,20260428,43,28,4,3,204,12,195.3,2343.6,delivered
538,20260428,43,12,4,3,204,4,210.12,840.48,delivered
539,20260428,43,3,4,3,204,1,89.76,89.76,delivered
540,20260428,43,18,4,3,204,5,215.47,1077.35,delivered
541,20260511,49,28,4,3,205,2,195.3,390.6,validated
542,20260328,25,16,3,2,206,6,399.05,2394.3,validated
543,20260328,25,7,3,2,206,5,109.29,546.45,validated
544,20250917,2,24,6,5,207,8,101.26,810.08,draft
545,20260523,32,13,2,1,208,4,143.54,574.16,validated
546,20260523,32,30,2,1,208,9,201.87,1816.83,validated
547,20251023,42,10,2,1,209,9,209.25,1883.25,delivered
548,20251023,42,9,2,1,209,8,54.31,434.48,delivered
549,20251023,42,12,2,1,209,8,210.12,1680.96,delivered
550,20260127,13,30,5,4,210,6,201.87,1211.22,validated
551,20260127,13,7,5,4,210,7,109.29,765.03,validated
552,20260127,13,12,5,4,210,1,210.12,210.12,validated
553,20250922,73,9,3,2,211,9,54.31,488.79,validated
554,20260324,75,5,2,1,212,4,434.59,1738.36,validated
555,20260324,75,7,2,1,212,7,109.29,765.03,validated
556,20260324,75,11,2,1,212,10,99.86,998.6,validated
557,20260211,32,9,2,1,213,8,54.31,434.48,delivered
558,20260211,32,25,2,1,213,12,439.08,5268.96,delivered
559,20260211,32,27,2,1,213,11,169.8,1867.8,delivered
560,20260122,63,6,5,4,214,9,270.94,2438.46,delivered
561,20260122,63,5,5,4,214,8,434.59,3476.72,delivered
562,20260122,63,24,5,4,214,3,101.26,303.78,delivered
563,20260425,70,27,6,5,215,2,169.8,339.6,cancelled
564,20250604,7,3,6,5,216,3,89.76,269.28,delivered
565,20250604,7,23,6,5,216,1,440.06,440.06,delivered
566,20260214,28,20,5,4,217,11,448.57,4934.27,delivered
567,20260203,79,1,5,4,218,9,449.96,4049.64,validated
568,20251228,71,18,4,3,219,9,215.47,1939.23,delivered
569,20251228,71,10,4,3,219,12,209.25,2511,delivered
570,20251228,71,1,4,3,219,11,449.96,4949.56,delivered
571,20250831,56,17,4,3,220,3,197.73,593.19,delivered
572,20250907,31,27,5,4,221,7,169.8,1188.6,validated
573,20250907,31,12,5,4,221,2,210.12,420.24,validated
574,20250907,31,9,5,4,221,6,54.31,325.86,validated
575,20260122,52,10,5,4,222,2,209.25,418.5,delivered
576,20260122,52,22,5,4,222,11,318.32,3501.52,delivered
577,20250718,5,18,4,3,223,1,215.47,215.47,delivered
578,20250718,5,16,4,3,223,12,399.05,4788.6,delivered
579,20250718,5,2,4,3,223,3,42.11,126.33,delivered
580,20250718,5,21,4,3,223,2,122.98,245.96,delivered
581,20260109,64,19,4,3,224,9,128.4,1155.6,validated
582,20260109,64,28,4,3,224,1,195.3,195.3,validated
583,20260109,64,4,4,3,224,4,222.64,890.56,validated
584,20260521,28,9,5,4,225,11,54.31,597.41,draft
585,20260521,28,2,5,4,225,5,42.11,210.55,draft
586,20260521,28,30,5,4,225,9,201.87,1816.83,draft
587,20260521,28,3,5,4,225,10,89.76,897.6,draft
588,20250831,5,1,4,3,226,3,449.96,1349.88,draft
589,20250831,5,7,4,3,226,12,109.29,1311.48,draft
590,20250831,5,19,4,3,226,7,128.4,898.8,draft
591,20251101,10,19,2,1,227,7,128.4,898.8,delivered
592,20251101,10,27,2,1,227,11,169.8,1867.8,delivered
593,20251117,70,26,6,5,228,12,233.62,2803.44,delivered
594,20251117,70,23,6,5,228,2,440.06,880.12,delivered
595,20251125,65,8,2,1,229,10,367.35,3673.5,delivered
596,20251125,65,27,2,1,229,10,169.8,1698,delivered
597,20251125,65,3,2,1,229,10,89.76,897.6,delivered
598,20251125,65,11,2,1,229,7,99.86,699.02,delivered
599,20250616,42,16,2,1,230,7,399.05,2793.35,validated
600,20250616,42,8,2,1,230,7,367.35,2571.45,validated
601,20250616,42,12,2,1,230,3,210.12,630.36,validated
602,20250616,42,18,2,1,230,11,215.47,2370.17,validated
603,20260505,75,26,2,1,231,2,233.62,467.24,delivered
604,20260505,75,8,2,1,231,2,367.35,734.7,delivered
605,20260505,75,23,2,1,231,5,440.06,2200.3,delivered
606,20251212,20,24,6,5,232,6,101.26,607.56,validated
607,20251212,20,13,6,5,232,6,143.54,861.24,validated
608,20250717,14,15,6,5,233,5,175.8,879,delivered
609,20250717,14,12,6,5,233,2,210.12,420.24,delivered
610,20250717,14,25,6,5,233,3,439.08,1317.24,delivered
611,20250904,12,4,5,4,234,9,222.64,2003.76,delivered
612,20250904,12,1,5,4,234,2,449.96,899.92,delivered
613,20250904,12,3,5,4,234,10,89.76,897.6,delivered
614,20250904,12,12,5,4,234,10,210.12,2101.2,delivered
615,20251215,42,13,2,1,235,9,143.54,1291.86,delivered
616,20251215,42,25,2,1,235,4,439.08,1756.32,delivered
617,20251215,42,3,2,1,235,10,89.76,897.6,delivered
618,20251215,42,24,2,1,235,9,101.26,911.34,delivered
619,20260517,22,9,2,1,236,5,54.31,271.55,delivered
620,20260517,22,10,2,1,236,8,209.25,1674,delivered
621,20250703,19,14,6,5,237,2,186.07,372.14,delivered
622,20250703,19,10,6,5,237,6,209.25,1255.5,delivered
623,20250703,19,16,6,5,237,5,399.05,1995.25,delivered
624,20260417,32,15,2,1,238,3,175.8,527.4,delivered
625,20260417,32,4,2,1,238,5,222.64,1113.2,delivered
626,20251220,1,26,2,1,239,6,233.62,1401.72,delivered
627,20251220,1,28,2,1,239,7,195.3,1367.1,delivered
628,20251220,1,11,2,1,239,11,99.86,1098.46,delivered
629,20251220,1,15,2,1,239,10,175.8,1758,delivered
630,20251101,18,16,4,3,240,3,399.05,1197.15,delivered
631,20251101,18,11,4,3,240,7,99.86,699.02,delivered
632,20251028,41,19,2,1,241,7,128.4,898.8,validated
633,20251028,41,26,2,1,241,5,233.62,1168.1,validated
634,20251028,41,8,2,1,241,7,367.35,2571.45,validated
635,20251028,41,11,2,1,241,6,99.86,599.16,validated
636,20260316,15,22,2,1,242,9,318.32,2864.88,delivered
637,20260316,15,25,2,1,242,1,439.08,439.08,delivered
638,20260529,60,27,5,4,243,7,169.8,1188.6,delivered
639,20260529,60,23,5,4,243,11,440.06,4840.66,delivered
640,20260529,60,3,5,4,243,8,89.76,718.08,delivered
641,20260421,18,22,4,3,244,7,318.32,2228.24,delivered
642,20260421,18,5,4,3,244,7,434.59,3042.13,delivered
643,20260421,18,23,4,3,244,2,440.06,880.12,delivered
644,20260403,58,18,2,1,245,12,215.47,2585.64,delivered
645,20260403,58,17,2,1,245,7,197.73,1384.11,delivered
646,20260403,58,30,2,1,245,9,201.87,1816.83,delivered
647,20260403,58,28,2,1,245,1,195.3,195.3,delivered
648,20260526,47,4,4,3,246,4,222.64,890.56,draft
649,20250825,46,19,2,1,247,11,128.4,1412.4,validated
650,20251117,52,4,5,4,248,9,222.64,2003.76,cancelled
651,20251117,52,1,5,4,248,12,449.96,5399.52,cancelled
652,20251117,52,9,5,4,248,9,54.31,488.79,cancelled
653,20251117,52,8,5,4,248,9,367.35,3306.15,cancelled
654,20260519,75,12,2,1,249,11,210.12,2311.32,delivered
655,20260519,75,13,2,1,249,10,143.54,1435.4,delivered
656,20260519,75,15,2,1,249,12,175.8,2109.6,delivered
657,20260519,75,25,2,1,249,9,439.08,3951.72,delivered
658,20251124,20,4,6,5,250,2,222.64,445.28,cancelled
659,20251124,20,10,6,5,250,2,209.25,418.5,cancelled
660,20251124,20,14,6,5,250,12,186.07,2232.84,cancelled
661,20251124,20,30,6,5,250,3,201.87,605.61,cancelled
662,20251107,45,17,4,3,251,6,197.73,1186.38,delivered
663,20251107,45,16,4,3,251,8,399.05,3192.4,delivered
664,20260111,13,11,5,4,252,12,99.86,1198.32,validated
665,20260111,13,3,5,4,252,2,89.76,179.52,validated
666,20260111,13,10,5,4,252,1,209.25,209.25,validated
667,20260111,13,2,5,4,252,6,42.11,252.66,validated
668,20260513,14,17,6,5,253,9,197.73,1779.57,validated
669,20260513,14,6,6,5,253,3,270.94,812.82,validated
670,20260314,43,8,4,3,254,3,367.35,1102.05,delivered
671,20260314,43,26,4,3,254,3,233.62,700.86,delivered
672,20260314,43,13,4,3,254,11,143.54,1578.94,delivered
673,20260314,43,21,4,3,254,11,122.98,1352.78,delivered
674,20251220,56,15,4,3,255,7,175.8,1230.6,delivered
675,20251220,56,19,4,3,255,7,128.4,898.8,delivered
676,20260527,1,25,2,1,256,2,439.08,878.16,delivered
677,20260527,1,23,2,1,256,10,440.06,4400.6,delivered
678,20260527,1,26,2,1,256,2,233.62,467.24,delivered
679,20250904,69,15,6,5,257,5,175.8,879,delivered
680,20250904,69,4,6,5,257,11,222.64,2449.04,delivered
681,20260226,63,20,5,4,258,2,448.57,897.14,cancelled
682,20260226,63,13,5,4,258,6,143.54,861.24,cancelled
683,20260226,63,19,5,4,258,6,128.4,770.4,cancelled
684,20260413,59,30,4,3,259,2,201.87,403.74,delivered
685,20260413,59,20,4,3,259,11,448.57,4934.27,delivered
686,20260413,59,19,4,3,259,3,128.4,385.2,delivered
687,20250731,41,6,2,1,260,6,270.94,1625.64,delivered
688,20260217,19,19,6,5,261,7,128.4,898.8,delivered
689,20260217,19,13,6,5,261,3,143.54,430.62,delivered
690,20260422,63,18,5,4,262,8,215.47,1723.76,delivered
691,20260422,63,6,5,4,262,5,270.94,1354.7,delivered
692,20250904,18,20,4,3,263,1,448.57,448.57,delivered
693,20250904,18,2,4,3,263,8,42.11,336.88,delivered
694,20250904,18,28,4,3,263,3,195.3,585.9,delivered
695,20250904,18,12,4,3,263,4,210.12,840.48,delivered
696,20260315,50,14,4,3,264,8,186.07,1488.56,delivered
697,20260315,50,22,4,3,264,8,318.32,2546.56,delivered
698,20260315,50,16,4,3,264,3,399.05,1197.15,delivered
699,20260315,50,23,4,3,264,2,440.06,880.12,delivered
700,20250616,73,10,3,2,265,5,209.25,1046.25,validated
701,20250616,73,2,3,2,265,4,42.11,168.44,validated
702,20251026,69,19,6,5,266,9,128.4,1155.6,delivered
703,20251026,69,24,6,5,266,9,101.26,911.34,delivered
704,20251026,69,25,6,5,266,2,439.08,878.16,delivered
705,20251026,69,16,6,5,266,10,399.05,3990.5,delivered
706,20251016,15,18,2,1,267,1,215.47,215.47,validated
707,20251016,15,27,2,1,267,12,169.8,2037.6,validated
708,20251016,15,25,2,1,267,8,439.08,3512.64,validated
709,20250920,70,24,6,5,268,11,101.26,1113.86,cancelled
710,20251031,32,15,2,1,269,5,175.8,879,draft
711,20250715,45,25,4,3,270,4,439.08,1756.32,delivered
712,20260329,27,6,5,4,271,4,270.94,1083.76,validated
713,20260329,27,20,5,4,271,4,448.57,1794.28,validated
714,20260329,27,5,5,4,271,1,434.59,434.59,validated
715,20260329,27,26,5,4,271,10,233.62,2336.2,validated
716,20260228,45,11,4,3,272,5,99.86,499.3,delivered
717,20260228,45,23,4,3,272,5,440.06,2200.3,delivered
718,20251015,74,5,6,5,273,7,434.59,3042.13,cancelled
719,20251020,8,23,3,2,274,3,440.06,1320.18,draft
720,20251020,8,28,3,2,274,4,195.3,781.2,draft
721,20260531,19,25,6,5,275,11,439.08,4829.88,delivered
722,20260531,19,27,6,5,275,7,169.8,1188.6,delivered
723,20250812,63,21,5,4,276,8,122.98,983.84,delivered
724,20250812,63,14,5,4,276,2,186.07,372.14,delivered
725,20250812,63,13,5,4,276,11,143.54,1578.94,delivered
726,20251224,12,23,5,4,277,6,440.06,2640.36,delivered
727,20251224,12,30,5,4,277,8,201.87,1614.96,delivered
728,20251224,12,29,5,4,277,8,88.41,707.28,delivered
729,20260325,42,24,2,1,278,8,101.26,810.08,delivered
730,20250703,46,7,2,1,279,5,109.29,546.45,validated
731,20250703,46,14,2,1,279,6,186.07,1116.42,validated
732,20250703,46,27,2,1,279,5,169.8,849,validated
733,20250703,46,16,2,1,279,6,399.05,2394.3,validated
734,20260323,71,26,4,3,280,1,233.62,233.62,delivered
735,20260323,71,11,4,3,280,1,99.86,99.86,delivered
736,20260323,71,29,4,3,280,2,88.41,176.82,delivered
737,20260323,71,22,4,3,280,11,318.32,3501.52,delivered
738,20250609,59,15,4,3,281,7,175.8,1230.6,delivered
739,20250609,59,1,4,3,281,4,449.96,1799.84,delivered
740,20260429,17,3,4,3,282,5,89.76,448.8,delivered
741,20260429,17,21,4,3,282,2,122.98,245.96,delivered
742,20260429,17,12,4,3,282,6,210.12,1260.72,delivered
743,20250627,22,24,2,1,283,4,101.26,405.04,delivered
744,20250627,22,23,2,1,283,7,440.06,3080.42,delivered
745,20250627,22,25,2,1,283,11,439.08,4829.88,delivered
746,20260527,12,16,5,4,284,3,399.05,1197.15,delivered
747,20260527,12,3,5,4,284,10,89.76,897.6,delivered
748,20260221,29,1,2,1,285,12,449.96,5399.52,validated
749,20250801,44,23,3,2,286,4,440.06,1760.24,cancelled
750,20250801,44,5,3,2,286,7,434.59,3042.13,cancelled
751,20250801,44,16,3,2,286,2,399.05,798.1,cancelled
752,20250801,44,3,3,2,286,12,89.76,1077.12,cancelled
753,20250723,14,5,6,5,287,3,434.59,1303.77,delivered
754,20250723,14,13,6,5,287,11,143.54,1578.94,delivered
755,20250723,14,25,6,5,287,11,439.08,4829.88,delivered
756,20250706,19,20,6,5,288,11,448.57,4934.27,delivered
757,20260112,22,21,2,1,289,3,122.98,368.94,delivered
758,20260112,22,24,2,1,289,7,101.26,708.82,delivered
759,20260518,79,3,5,4,290,2,89.76,179.52,delivered
760,20260518,79,29,5,4,290,3,88.41,265.23,delivered
761,20260329,16,14,5,4,291,3,186.07,558.21,validated
762,20260329,16,11,5,4,291,4,99.86,399.44,validated
763,20260329,16,26,5,4,291,5,233.62,1168.1,validated
764,20251006,11,25,6,5,292,11,439.08,4829.88,delivered
765,20251006,11,23,6,5,292,5,440.06,2200.3,delivered
766,20251006,11,1,6,5,292,4,449.96,1799.84,delivered
767,20260407,67,10,2,1,293,4,209.25,837,delivered
768,20260407,67,21,2,1,293,8,122.98,983.84,delivered
769,20260407,67,2,2,1,293,7,42.11,294.77,delivered
770,20260407,67,26,2,1,293,2,233.62,467.24,delivered
771,20260211,31,17,5,4,294,1,197.73,197.73,validated
772,20251110,47,12,4,3,295,8,210.12,1680.96,delivered
773,20251110,47,18,4,3,295,2,215.47,430.94,delivered
774,20251110,47,22,4,3,295,1,318.32,318.32,delivered
775,20251110,47,6,4,3,295,10,270.94,2709.4,delivered
776,20250608,9,30,4,3,296,1,201.87,201.87,delivered
777,20260215,51,14,3,2,297,11,186.07,2046.77,delivered
778,20260215,51,23,3,2,297,9,440.06,3960.54,delivered
779,20260215,51,13,3,2,297,9,143.54,1291.86,delivered
780,20260215,51,3,3,2,297,10,89.76,897.6,delivered
781,20251021,20,17,6,5,298,4,197.73,790.92,delivered
782,20260302,20,10,6,5,299,12,209.25,2511,delivered
783,20251001,56,30,4,3,300,7,201.87,1413.09,delivered
784,20260119,15,10,2,1,301,11,209.25,2301.75,validated
785,20250801,23,23,3,2,302,3,440.06,1320.18,delivered
786,20250801,23,1,3,2,302,8,449.96,3599.68,delivered
787,20260223,45,6,4,3,303,12,270.94,3251.28,delivered
788,20260223,45,12,4,3,303,5,210.12,1050.6,delivered
789,20260223,45,5,4,3,303,12,434.59,5215.08,delivered
790,20250616,16,9,5,4,304,10,54.31,543.1,delivered
791,20250616,16,17,5,4,304,11,197.73,2175.03,delivered
792,20250616,16,3,5,4,304,2,89.76,179.52,delivered
793,20250616,16,23,5,4,304,8,440.06,3520.48,delivered
794,20260217,59,28,4,3,305,3,195.3,585.9,delivered
795,20260217,59,19,4,3,305,5,128.4,642,delivered
796,20260217,59,6,4,3,305,2,270.94,541.88,delivered
797,20260217,59,12,4,3,305,10,210.12,2101.2,delivered
798,20250925,15,2,2,1,306,1,42.11,42.11,validated
799,20250624,32,30,2,1,307,1,201.87,201.87,delivered
800,20250624,32,5,2,1,307,9,434.59,3911.31,delivered
801,20250624,32,6,2,1,307,12,270.94,3251.28,delivered
802,20250624,32,28,2,1,307,12,195.3,2343.6,delivered
803,20250923,54,30,3,2,308,2,201.87,403.74,delivered
804,20250923,54,24,3,2,308,10,101.26,1012.6,delivered
805,20250923,54,11,3,2,308,6,99.86,599.16,delivered
806,20250923,54,9,3,2,308,2,54.31,108.62,delivered
807,20260511,65,8,2,1,309,9,367.35,3306.15,draft
808,20260511,65,26,2,1,309,1,233.62,233.62,draft
809,20250706,52,25,5,4,310,6,439.08,2634.48,draft
810,20250706,52,28,5,4,310,2,195.3,390.6,draft
811,20250706,52,10,5,4,310,9,209.25,1883.25,draft
812,20250605,59,19,4,3,311,12,128.4,1540.8,delivered
813,20250605,59,26,4,3,311,10,233.62,2336.2,delivered
814,20250605,59,10,4,3,311,4,209.25,837,delivered
815,20251206,60,25,5,4,312,9,439.08,3951.72,delivered
816,20251206,60,7,5,4,312,4,109.29,437.16,delivered
817,20251206,60,24,5,4,312,3,101.26,303.78,delivered
818,20251206,60,29,5,4,312,1,88.41,88.41,delivered
819,20250613,53,21,2,1,313,1,122.98,122.98,delivered
820,20250613,53,27,2,1,313,6,169.8,1018.8,delivered
821,20250613,53,23,2,1,313,1,440.06,440.06,delivered
822,20251105,49,14,4,3,314,1,186.07,186.07,delivered
823,20251105,49,16,4,3,314,3,399.05,1197.15,delivered
824,20250718,36,29,6,5,315,9,88.41,795.69,delivered
825,20250718,36,28,6,5,315,7,195.3,1367.1,delivered
826,20260121,48,19,3,2,316,2,128.4,256.8,cancelled
827,20250808,65,3,2,1,317,11,89.76,987.36,validated
828,20250808,65,19,2,1,317,3,128.4,385.2,validated
829,20250808,65,2,2,1,317,4,42.11,168.44,validated
830,20250808,65,14,2,1,317,5,186.07,930.35,validated
831,20251109,34,23,5,4,318,6,440.06,2640.36,draft
832,20251109,34,27,5,4,318,8,169.8,1358.4,draft
833,20251109,34,24,5,4,318,5,101.26,506.3,draft
834,20251109,34,11,5,4,318,4,99.86,399.44,draft
835,20250912,10,5,2,1,319,2,434.59,869.18,delivered
836,20260117,22,4,2,1,320,4,222.64,890.56,delivered
837,20260117,22,18,2,1,320,8,215.47,1723.76,delivered
838,20260117,22,12,2,1,320,5,210.12,1050.6,delivered
839,20260117,22,25,2,1,320,8,439.08,3512.64,delivered
840,20250801,34,27,5,4,321,1,169.8,169.8,delivered
841,20250801,34,23,5,4,321,4,440.06,1760.24,delivered
842,20250801,34,20,5,4,321,6,448.57,2691.42,delivered
843,20250717,19,13,6,5,322,11,143.54,1578.94,validated
844,20250717,19,17,6,5,322,5,197.73,988.65,validated
845,20250717,19,2,6,5,322,5,42.11,210.55,validated
846,20250616,23,18,3,2,323,8,215.47,1723.76,cancelled
847,20250616,23,24,3,2,323,2,101.26,202.52,cancelled
848,20250616,23,8,3,2,323,3,367.35,1102.05,cancelled
849,20250616,23,4,3,2,323,2,222.64,445.28,cancelled
850,20250702,2,5,6,5,324,7,434.59,3042.13,validated
851,20250702,2,7,6,5,324,6,109.29,655.74,validated
852,20260326,11,1,6,5,325,2,449.96,899.92,delivered
853,20260427,26,3,2,1,326,6,89.76,538.56,delivered
854,20260427,26,29,2,1,326,2,88.41,176.82,delivered
855,20260123,6,27,2,1,327,1,169.8,169.8,delivered
856,20260123,6,24,2,1,327,7,101.26,708.82,delivered
857,20260123,6,13,2,1,327,11,143.54,1578.94,delivered
858,20260123,6,16,2,1,327,7,399.05,2793.35,delivered
859,20251129,23,9,3,2,328,3,54.31,162.93,delivered
860,20251129,23,15,3,2,328,1,175.8,175.8,delivered
861,20260414,79,16,5,4,329,9,399.05,3591.45,validated
862,20260414,79,14,5,4,329,8,186.07,1488.56,validated
863,20260414,79,29,5,4,329,1,88.41,88.41,validated
864,20251022,12,7,5,4,330,9,109.29,983.61,delivered
865,20251022,12,21,5,4,330,4,122.98,491.92,delivered
866,20251022,12,29,5,4,330,11,88.41,972.51,delivered
867,20251022,12,26,5,4,330,9,233.62,2102.58,delivered
868,20251213,3,16,6,5,331,8,399.05,3192.4,validated
869,20251213,3,18,6,5,331,6,215.47,1292.82,validated
870,20251213,3,26,6,5,331,10,233.62,2336.2,validated
871,20251112,65,1,2,1,332,10,449.96,4499.6,delivered
872,20251112,65,11,2,1,332,4,99.86,399.44,delivered
873,20251022,4,17,2,1,333,4,197.73,790.92,delivered
874,20251022,4,12,2,1,333,3,210.12,630.36,delivered
875,20251022,4,25,2,1,333,2,439.08,878.16,delivered
876,20251022,4,19,2,1,333,4,128.4,513.6,delivered
877,20251015,31,25,5,4,334,4,439.08,1756.32,delivered
878,20251216,74,6,6,5,335,10,270.94,2709.4,delivered
879,20251216,74,8,6,5,335,6,367.35,2204.1,delivered
880,20260330,46,19,2,1,336,8,128.4,1027.2,delivered
881,20260330,46,5,2,1,336,9,434.59,3911.31,delivered
882,20260330,46,7,2,1,336,5,109.29,546.45,delivered
883,20260207,23,8,3,2,337,10,367.35,3673.5,delivered
884,20250611,29,11,2,1,338,10,99.86,998.6,delivered
885,20250806,26,30,2,1,339,6,201.87,1211.22,delivered
886,20250806,26,26,2,1,339,1,233.62,233.62,delivered
887,20250815,3,25,6,5,340,9,439.08,3951.72,delivered
888,20250815,3,4,6,5,340,6,222.64,1335.84,delivered
889,20251209,10,19,2,1,341,6,128.4,770.4,validated
890,20251209,10,4,2,1,341,3,222.64,667.92,validated
891,20251209,10,11,2,1,341,3,99.86,299.58,validated
892,20251209,10,10,2,1,341,12,209.25,2511,validated
893,20260424,56,6,4,3,342,12,270.94,3251.28,cancelled
894,20260424,56,23,4,3,342,10,440.06,4400.6,cancelled
895,20260424,56,18,4,3,342,6,215.47,1292.82,cancelled
896,20260507,29,13,2,1,343,12,143.54,1722.48,delivered
897,20260507,29,10,2,1,343,12,209.25,2511,delivered
898,20250805,38,23,3,2,344,10,440.06,4400.6,delivered
899,20260318,51,30,3,2,345,4,201.87,807.48,delivered
900,20260318,51,26,3,2,345,11,233.62,2569.82,delivered
901,20260318,51,20,3,2,345,10,448.57,4485.7,delivered
902,20260210,14,8,6,5,346,6,367.35,2204.1,delivered
903,20250825,41,27,2,1,347,12,169.8,2037.6,validated
904,20260115,43,8,4,3,348,2,367.35,734.7,delivered
905,20260115,43,23,4,3,348,6,440.06,2640.36,delivered
906,20250726,33,13,5,4,349,8,143.54,1148.32,validated
907,20250825,54,29,3,2,350,7,88.41,618.87,draft
908,20250825,54,13,3,2,350,2,143.54,287.08,draft
909,20250825,54,12,3,2,350,8,210.12,1680.96,draft
910,20250825,54,18,3,2,350,10,215.47,2154.7,draft
911,20250823,29,10,2,1,351,1,209.25,209.25,delivered
912,20251012,41,11,2,1,352,3,99.86,299.58,cancelled
913,20250822,49,11,4,3,353,10,99.86,998.6,validated
914,20260203,79,21,5,4,354,7,122.98,860.86,validated
915,20260203,79,6,5,4,354,3,270.94,812.82,validated
916,20260203,79,20,5,4,354,1,448.57,448.57,validated
917,20260203,79,29,5,4,354,2,88.41,176.82,validated
918,20250914,43,23,4,3,355,12,440.06,5280.72,cancelled
919,20250914,43,18,4,3,355,9,215.47,1939.23,cancelled
920,20250914,43,24,4,3,355,5,101.26,506.3,cancelled
921,20250914,43,30,4,3,355,11,201.87,2220.57,cancelled
922,20251031,37,13,3,2,356,10,143.54,1435.4,delivered
923,20260207,71,1,4,3,357,5,449.96,2249.8,delivered
924,20260207,71,14,4,3,357,11,186.07,2046.77,delivered
925,20260207,71,3,4,3,357,11,89.76,987.36,delivered
926,20260201,77,7,5,4,358,3,109.29,327.87,delivered
927,20250712,38,10,3,2,359,7,209.25,1464.75,delivered
928,20260206,61,3,3,2,360,7,89.76,628.32,draft
929,20260206,61,21,3,2,360,3,122.98,368.94,draft
930,20260206,61,18,3,2,360,6,215.47,1292.82,draft
931,20251207,49,9,4,3,361,8,54.31,434.48,delivered
932,20251013,60,19,5,4,362,12,128.4,1540.8,delivered
933,20251013,60,2,5,4,362,11,42.11,463.21,delivered
934,20251013,60,5,5,4,362,2,434.59,869.18,delivered
935,20260509,11,25,6,5,363,1,439.08,439.08,delivered
936,20260509,11,19,6,5,363,7,128.4,898.8,delivered
937,20260509,11,8,6,5,363,9,367.35,3306.15,delivered
938,20260509,11,18,6,5,363,7,215.47,1508.29,delivered
939,20260518,69,19,6,5,364,5,128.4,642,draft
940,20260518,69,29,6,5,364,2,88.41,176.82,draft
941,20260518,69,8,6,5,364,7,367.35,2571.45,draft
942,20260518,69,16,6,5,364,12,399.05,4788.6,draft
943,20260213,5,4,4,3,365,8,222.64,1781.12,delivered
944,20260213,5,25,4,3,365,3,439.08,1317.24,delivered
945,20250917,22,2,2,1,366,2,42.11,84.22,validated
946,20250917,22,14,2,1,366,11,186.07,2046.77,validated
947,20250912,56,27,4,3,367,5,169.8,849,cancelled
948,20250912,56,20,4,3,367,6,448.57,2691.42,cancelled
949,20250715,9,18,4,3,368,9,215.47,1939.23,delivered
950,20250715,9,11,4,3,368,8,99.86,798.88,delivered
951,20250715,9,28,4,3,368,1,195.3,195.3,delivered
952,20250715,9,9,4,3,368,12,54.31,651.72,delivered
953,20260328,80,4,5,4,369,10,222.64,2226.4,delivered
954,20260328,80,14,5,4,369,10,186.07,1860.7,delivered
955,20260328,80,5,5,4,369,2,434.59,869.18,delivered
956,20260328,80,19,5,4,369,2,128.4,256.8,delivered
957,20250722,73,29,3,2,370,7,88.41,618.87,validated
958,20250722,73,14,3,2,370,11,186.07,2046.77,validated
959,20250722,73,9,3,2,370,8,54.31,434.48,validated
960,20260408,74,9,6,5,371,3,54.31,162.93,delivered
961,20260408,74,13,6,5,371,10,143.54,1435.4,delivered
962,20260515,78,13,6,5,372,6,143.54,861.24,validated
963,20250626,31,29,5,4,373,6,88.41,530.46,validated
964,20250626,31,12,5,4,373,5,210.12,1050.6,validated
965,20250626,31,1,5,4,373,5,449.96,2249.8,validated
966,20260207,36,28,6,5,374,4,195.3,781.2,draft
967,20251101,18,25,4,3,375,12,439.08,5268.96,cancelled
968,20251101,18,27,4,3,375,7,169.8,1188.6,cancelled
969,20251101,18,11,4,3,375,10,99.86,998.6,cancelled
970,20251101,18,9,4,3,375,11,54.31,597.41,cancelled
971,20250905,12,24,5,4,376,6,101.26,607.56,delivered
972,20250905,12,16,5,4,376,1,399.05,399.05,delivered
973,20250905,12,25,5,4,376,9,439.08,3951.72,delivered
974,20250905,12,17,5,4,376,3,197.73,593.19,delivered
975,20251107,9,5,4,3,377,10,434.59,4345.9,validated
976,20251107,9,25,4,3,377,1,439.08,439.08,validated
977,20251107,9,28,4,3,377,3,195.3,585.9,validated
978,20251107,9,17,4,3,377,4,197.73,790.92,validated
979,20250630,26,2,2,1,378,4,42.11,168.44,delivered
980,20250630,26,30,2,1,378,5,201.87,1009.35,delivered
981,20250630,26,12,2,1,378,6,210.12,1260.72,delivered
982,20250630,26,23,2,1,378,8,440.06,3520.48,delivered
983,20251221,65,22,2,1,379,1,318.32,318.32,validated
984,20251208,31,6,5,4,380,9,270.94,2438.46,delivered
985,20251208,31,28,5,4,380,6,195.3,1171.8,delivered
986,20251208,31,16,5,4,380,6,399.05,2394.3,delivered
987,20251208,31,19,5,4,380,3,128.4,385.2,delivered
988,20260519,34,13,5,4,381,1,143.54,143.54,delivered
989,20260320,21,28,4,3,382,11,195.3,2148.3,validated
990,20260320,21,8,4,3,382,4,367.35,1469.4,validated
991,20251016,27,28,5,4,383,11,195.3,2148.3,validated
992,20260129,2,20,6,5,384,1,448.57,448.57,draft
993,20260129,2,26,6,5,384,4,233.62,934.48,draft
994,20260408,33,23,5,4,385,7,440.06,3080.42,validated
995,20260408,33,21,5,4,385,7,122.98,860.86,validated
996,20260408,33,9,5,4,385,6,54.31,325.86,validated
997,20251008,59,22,4,3,386,10,318.32,3183.2,delivered
998,20251008,59,17,4,3,386,7,197.73,1384.11,delivered
999,20251008,59,27,4,3,386,10,169.8,1698,delivered
1000,20250604,14,18,6,5,387,10,215.47,2154.7,delivered
1001,20250604,14,21,6,5,387,5,122.98,614.9,delivered
1002,20250604,14,20,6,5,387,5,448.57,2242.85,delivered
1003,20260202,14,21,6,5,388,5,122.98,614.9,delivered
1004,20260202,14,11,6,5,388,5,99.86,499.3,delivered
1005,20260202,14,28,6,5,388,11,195.3,2148.3,delivered
1006,20250905,39,29,6,5,389,10,88.41,884.1,delivered
1007,20250905,39,2,6,5,389,7,42.11,294.77,delivered
1008,20260515,41,21,2,1,390,8,122.98,983.84,delivered
1009,20251011,38,13,3,2,391,12,143.54,1722.48,draft
1010,20251011,38,24,3,2,391,10,101.26,1012.6,draft
1011,20251011,38,2,3,2,391,4,42.11,168.44,draft
1012,20251011,38,19,3,2,391,6,128.4,770.4,draft
1013,20260518,29,30,2,1,392,5,201.87,1009.35,delivered
1014,20260518,29,22,2,1,392,3,318.32,954.96,delivered
1015,20260518,29,12,2,1,392,11,210.12,2311.32,delivered
1016,20260518,29,17,2,1,392,9,197.73,1779.57,delivered
1017,20251029,24,24,3,2,393,12,101.26,1215.12,delivered
1018,20251029,24,9,3,2,393,9,54.31,488.79,delivered
1019,20260515,24,8,3,2,394,6,367.35,2204.1,draft
1020,20251105,29,12,2,1,395,5,210.12,1050.6,delivered
1021,20251105,29,9,2,1,395,8,54.31,434.48,delivered
1022,20251105,29,19,2,1,395,2,128.4,256.8,delivered
1023,20250628,61,16,3,2,396,4,399.05,1596.2,draft
1024,20250801,65,17,2,1,397,3,197.73,593.19,draft
1025,20250801,65,10,2,1,397,3,209.25,627.75,draft
1026,20250801,65,14,2,1,397,4,186.07,744.28,draft
1027,20250801,65,2,2,1,397,6,42.11,252.66,draft
1028,20260319,53,5,2,1,398,3,434.59,1303.77,draft
1029,20260319,53,11,2,1,398,2,99.86,199.72,draft
1030,20260319,53,28,2,1,398,8,195.3,1562.4,draft
1031,20260319,53,23,2,1,398,6,440.06,2640.36,draft
1032,20251108,23,15,3,2,399,5,175.8,879,validated
1033,20250826,27,16,5,4,400,2,399.05,798.1,delivered
1034,20250826,27,26,5,4,400,3,233.62,700.86,delivered
1035,20260109,79,14,5,4,401,1,186.07,186.07,validated
1036,20260109,79,16,5,4,401,9,399.05,3591.45,validated
1037,20260109,79,13,5,4,401,4,143.54,574.16,validated
1038,20260109,79,1,5,4,401,12,449.96,5399.52,validated
1039,20250608,48,1,3,2,402,1,449.96,449.96,draft
1040,20250608,48,22,3,2,402,11,318.32,3501.52,draft
1041,20250924,32,10,2,1,403,7,209.25,1464.75,validated
1042,20250924,32,5,2,1,403,9,434.59,3911.31,validated
1043,20250924,32,4,2,1,403,10,222.64,2226.4,validated
1044,20250825,40,10,4,3,404,5,209.25,1046.25,delivered
1045,20260222,59,14,4,3,405,3,186.07,558.21,delivered
1046,20260222,59,29,4,3,405,6,88.41,530.46,delivered
1047,20260222,59,22,4,3,405,8,318.32,2546.56,delivered
1048,20250905,46,1,2,1,406,4,449.96,1799.84,delivered
1049,20250905,46,8,2,1,406,12,367.35,4408.2,delivered
1050,20250905,46,24,2,1,406,1,101.26,101.26,delivered
1051,20250905,46,5,2,1,406,10,434.59,4345.9,delivered
1052,20250826,65,13,2,1,407,11,143.54,1578.94,delivered
1053,20260301,33,22,5,4,408,2,318.32,636.64,validated
1054,20250625,3,15,6,5,409,5,175.8,879,validated
1055,20250625,3,13,6,5,409,8,143.54,1148.32,validated
1056,20250625,3,4,6,5,409,12,222.64,2671.68,validated
1057,20250625,3,18,6,5,409,3,215.47,646.41,validated
1058,20260522,27,10,5,4,410,7,209.25,1464.75,validated
1059,20260506,13,14,5,4,411,2,186.07,372.14,delivered
1060,20260506,13,27,5,4,411,9,169.8,1528.2,delivered
1061,20250731,80,16,5,4,412,4,399.05,1596.2,delivered
1062,20250911,78,12,6,5,413,7,210.12,1470.84,validated
1063,20250911,78,23,6,5,413,5,440.06,2200.3,validated
1064,20250621,21,23,4,3,414,8,440.06,3520.48,delivered
1065,20250621,21,30,4,3,414,6,201.87,1211.22,delivered
1066,20250602,31,30,5,4,415,2,201.87,403.74,delivered
1067,20260509,74,25,6,5,416,9,439.08,3951.72,delivered
1068,20250722,10,15,2,1,417,5,175.8,879,draft
1069,20250722,10,10,2,1,417,8,209.25,1674,draft
1070,20250722,7,28,6,5,418,5,195.3,976.5,validated
1071,20260513,47,4,4,3,419,1,222.64,222.64,delivered
1072,20250810,2,11,6,5,420,8,99.86,798.88,validated
1073,20250810,2,12,6,5,420,10,210.12,2101.2,validated
1074,20250718,35,6,2,1,421,7,270.94,1896.58,delivered
1075,20250718,35,4,2,1,421,8,222.64,1781.12,delivered
1076,20250718,35,13,2,1,421,5,143.54,717.7,delivered
1077,20260520,50,21,4,3,422,2,122.98,245.96,draft
1078,20260520,50,29,4,3,422,3,88.41,265.23,draft
1079,20260520,50,26,4,3,422,12,233.62,2803.44,draft
1080,20260520,50,6,4,3,422,12,270.94,3251.28,draft
1081,20250821,8,26,3,2,423,3,233.62,700.86,delivered
1082,20250821,8,19,3,2,423,10,128.4,1284,delivered
1083,20250821,8,22,3,2,423,7,318.32,2228.24,delivered
1084,20250821,8,15,3,2,423,6,175.8,1054.8,delivered
1085,20250615,79,16,5,4,424,8,399.05,3192.4,draft
1086,20250615,79,30,5,4,424,2,201.87,403.74,draft
1087,20260112,53,21,2,1,425,12,122.98,1475.76,delivered
1088,20260112,53,11,2,1,425,11,99.86,1098.46,delivered
1089,20260112,53,1,2,1,425,9,449.96,4049.64,delivered
1090,20260317,74,17,6,5,426,2,197.73,395.46,delivered
1091,20260317,74,23,6,5,426,7,440.06,3080.42,delivered
1092,20260317,74,20,6,5,426,11,448.57,4934.27,delivered
1093,20260202,32,5,2,1,427,10,434.59,4345.9,delivered
1094,20260202,32,27,2,1,427,1,169.8,169.8,delivered
1095,20260202,32,18,2,1,427,1,215.47,215.47,delivered
1096,20260202,32,29,2,1,427,11,88.41,972.51,delivered
1097,20260214,21,28,4,3,428,8,195.3,1562.4,validated
1098,20260214,21,6,4,3,428,6,270.94,1625.64,validated
1099,20260214,21,3,4,3,428,4,89.76,359.04,validated
1100,20260214,21,25,4,3,428,6,439.08,2634.48,validated
1101,20250626,36,13,6,5,429,8,143.54,1148.32,delivered
1102,20250626,36,27,6,5,429,8,169.8,1358.4,delivered
1103,20250626,36,8,6,5,429,10,367.35,3673.5,delivered
1104,20250626,36,3,6,5,429,8,89.76,718.08,delivered
1105,20260211,12,16,5,4,430,12,399.05,4788.6,delivered
1106,20250723,3,18,6,5,431,9,215.47,1939.23,delivered
1107,20250717,1,29,2,1,432,4,88.41,353.64,validated
1108,20250717,1,17,2,1,432,11,197.73,2175.03,validated
1109,20250717,1,18,2,1,432,11,215.47,2370.17,validated
1110,20251122,59,27,4,3,433,4,169.8,679.2,delivered
1111,20251117,59,23,4,3,434,2,440.06,880.12,delivered
1112,20251117,59,22,4,3,434,2,318.32,636.64,delivered
1113,20251117,59,12,4,3,434,11,210.12,2311.32,delivered
1114,20251117,59,15,4,3,434,4,175.8,703.2,delivered
1115,20251122,1,18,2,1,435,12,215.47,2585.64,delivered
1116,20251122,1,17,2,1,435,2,197.73,395.46,delivered
1117,20251122,1,12,2,1,435,1,210.12,210.12,delivered
1118,20260208,22,4,2,1,436,4,222.64,890.56,delivered
1119,20260208,22,9,2,1,436,2,54.31,108.62,delivered
1120,20260208,22,20,2,1,436,7,448.57,3139.99,delivered
1121,20260208,22,7,2,1,436,4,109.29,437.16,delivered
1122,20250906,59,25,4,3,437,7,439.08,3073.56,validated
1123,20260421,6,25,2,1,438,8,439.08,3512.64,validated
1124,20260504,59,16,4,3,439,9,399.05,3591.45,delivered
1125,20260504,59,1,4,3,439,12,449.96,5399.52,delivered
1126,20260311,7,30,6,5,440,12,201.87,2422.44,draft
1127,20260311,7,17,6,5,440,10,197.73,1977.3,draft
1128,20260311,7,25,6,5,440,3,439.08,1317.24,draft
1129,20260311,7,6,6,5,440,12,270.94,3251.28,draft
1130,20250724,17,17,4,3,441,7,197.73,1384.11,delivered
1131,20250724,17,29,4,3,441,10,88.41,884.1,delivered
1132,20250724,17,13,4,3,441,12,143.54,1722.48,delivered
1133,20251019,32,10,2,1,442,3,209.25,627.75,delivered
1134,20251019,32,15,2,1,442,3,175.8,527.4,delivered
1135,20251019,32,26,2,1,442,7,233.62,1635.34,delivered
1136,20260525,78,27,6,5,443,6,169.8,1018.8,draft
1137,20260525,78,23,6,5,443,12,440.06,5280.72,draft
1138,20260525,78,18,6,5,443,12,215.47,2585.64,draft
1139,20260420,71,20,4,3,444,5,448.57,2242.85,delivered
1140,20260420,71,23,4,3,444,11,440.06,4840.66,delivered
1141,20260511,45,17,4,3,445,12,197.73,2372.76,delivered
1142,20260511,45,18,4,3,445,11,215.47,2370.17,delivered
1143,20260530,42,18,2,1,446,10,215.47,2154.7,delivered
1144,20260530,42,16,2,1,446,11,399.05,4389.55,delivered
1145,20260530,42,19,2,1,446,12,128.4,1540.8,delivered
1146,20260512,54,29,3,2,447,1,88.41,88.41,validated
1147,20260512,54,28,3,2,447,9,195.3,1757.7,validated
1148,20260512,54,14,3,2,447,2,186.07,372.14,validated
1149,20251213,4,7,2,1,448,5,109.29,546.45,delivered
1150,20251025,21,27,4,3,449,12,169.8,2037.6,validated
1151,20251025,21,2,4,3,449,5,42.11,210.55,validated
1152,20260305,27,4,5,4,450,12,222.64,2671.68,delivered
1153,20260305,27,20,5,4,450,9,448.57,4037.13,delivered
1154,20260305,27,28,5,4,450,4,195.3,781.2,delivered
1155,20260305,27,22,5,4,450,12,318.32,3819.84,delivered
1156,20251217,72,23,2,1,451,7,440.06,3080.42,delivered
1157,20251217,72,22,2,1,451,7,318.32,2228.24,delivered
1158,20251217,72,2,2,1,451,7,42.11,294.77,delivered
1159,20260310,41,7,2,1,452,8,109.29,874.32,delivered
1160,20260310,41,20,2,1,452,4,448.57,1794.28,delivered
1161,20260310,41,28,2,1,452,11,195.3,2148.3,delivered
1162,20260329,48,25,3,2,453,4,439.08,1756.32,delivered
1163,20260329,48,24,3,2,453,5,101.26,506.3,delivered
1164,20250830,58,6,2,1,454,3,270.94,812.82,cancelled
1165,20250801,66,9,6,5,455,10,54.31,543.1,delivered
1166,20250801,66,18,6,5,455,5,215.47,1077.35,delivered
1167,20250801,66,5,6,5,455,1,434.59,434.59,delivered
1168,20250801,66,6,6,5,455,6,270.94,1625.64,delivered
1169,20260530,60,5,5,4,456,6,434.59,2607.54,draft
1170,20250627,77,16,5,4,457,9,399.05,3591.45,validated
1171,20250627,77,26,5,4,457,6,233.62,1401.72,validated
1172,20250627,77,19,5,4,457,2,128.4,256.8,validated
1173,20260225,41,17,2,1,458,9,197.73,1779.57,delivered
1174,20260225,41,3,2,1,458,3,89.76,269.28,delivered
1175,20260306,54,12,3,2,459,4,210.12,840.48,delivered
1176,20260506,28,10,5,4,460,10,209.25,2092.5,delivered
1177,20260506,28,7,5,4,460,9,109.29,983.61,delivered
1178,20260506,28,25,5,4,460,8,439.08,3512.64,delivered
1179,20260429,72,15,2,1,461,11,175.8,1933.8,delivered
1180,20260429,72,8,2,1,461,10,367.35,3673.5,delivered
1181,20260429,72,29,2,1,461,10,88.41,884.1,delivered
1182,20250621,32,13,2,1,462,2,143.54,287.08,validated
1183,20250621,32,30,2,1,462,7,201.87,1413.09,validated
1184,20250621,32,26,2,1,462,5,233.62,1168.1,validated
1185,20251023,70,17,6,5,463,8,197.73,1581.84,delivered
1186,20251023,70,26,6,5,463,1,233.62,233.62,delivered
1187,20251023,70,15,6,5,463,5,175.8,879,delivered
1188,20251112,25,6,3,2,464,9,270.94,2438.46,delivered
1189,20250604,69,22,6,5,465,4,318.32,1273.28,validated
1190,20250604,69,21,6,5,465,11,122.98,1352.78,validated
1191,20250724,55,21,4,3,466,11,122.98,1352.78,delivered
1192,20250724,55,27,4,3,466,3,169.8,509.4,delivered
1193,20250724,55,3,4,3,466,1,89.76,89.76,delivered
1194,20250724,55,24,4,3,466,8,101.26,810.08,delivered
1195,20250620,43,6,4,3,467,5,270.94,1354.7,delivered
1196,20250707,72,30,2,1,468,7,201.87,1413.09,delivered
1197,20250707,72,9,2,1,468,7,54.31,380.17,delivered
1198,20260419,58,1,2,1,469,2,449.96,899.92,delivered
1199,20260419,58,13,2,1,469,9,143.54,1291.86,delivered
1200,20260419,58,22,2,1,469,1,318.32,318.32,delivered
1201,20250703,80,23,5,4,470,2,440.06,880.12,validated
1202,20260213,46,20,2,1,471,8,448.57,3588.56,delivered
1203,20260213,46,3,2,1,471,7,89.76,628.32,delivered
1204,20260213,46,10,2,1,471,7,209.25,1464.75,delivered
1205,20260129,4,5,2,1,472,7,434.59,3042.13,delivered
1206,20260129,4,24,2,1,472,9,101.26,911.34,delivered
1207,20260421,38,1,3,2,473,9,449.96,4049.64,delivered
1208,20260421,38,18,3,2,473,3,215.47,646.41,delivered
1209,20260421,38,28,3,2,473,2,195.3,390.6,delivered
1210,20250603,6,18,2,1,474,12,215.47,2585.64,delivered
1211,20250603,6,3,2,1,474,12,89.76,1077.12,delivered
1212,20250603,6,10,2,1,474,12,209.25,2511,delivered
1213,20250603,6,7,2,1,474,6,109.29,655.74,delivered
1214,20251229,28,6,5,4,475,10,270.94,2709.4,draft
1215,20251229,28,8,5,4,475,5,367.35,1836.75,draft
1216,20250729,25,28,3,2,476,9,195.3,1757.7,delivered
1217,20260427,60,22,5,4,477,2,318.32,636.64,delivered
1218,20260427,60,3,5,4,477,4,89.76,359.04,delivered
1219,20260427,60,9,5,4,477,12,54.31,651.72,delivered
1220,20260205,75,5,2,1,478,4,434.59,1738.36,cancelled
1221,20260205,75,22,2,1,478,2,318.32,636.64,cancelled
1222,20260205,75,21,2,1,478,5,122.98,614.9,cancelled
1223,20250706,80,16,5,4,479,10,399.05,3990.5,draft
1224,20250706,80,15,5,4,479,11,175.8,1933.8,draft
1225,20250706,80,11,5,4,479,5,99.86,499.3,draft
1226,20250818,75,26,2,1,480,3,233.62,700.86,delivered
1227,20250818,75,11,2,1,480,1,99.86,99.86,delivered
1228,20250818,75,14,2,1,480,6,186.07,1116.42,delivered
1229,20250922,32,9,2,1,481,11,54.31,597.41,validated
1230,20250922,32,27,2,1,481,12,169.8,2037.6,validated
1231,20250922,32,12,2,1,481,6,210.12,1260.72,validated
1232,20250922,32,5,2,1,481,8,434.59,3476.72,validated
1233,20260115,60,16,5,4,482,3,399.05,1197.15,delivered
1234,20260115,60,18,5,4,482,11,215.47,2370.17,delivered
1235,20260115,60,4,5,4,482,10,222.64,2226.4,delivered
1236,20251022,11,29,6,5,483,4,88.41,353.64,draft
1237,20251022,11,18,6,5,483,5,215.47,1077.35,draft
1238,20250709,10,27,2,1,484,10,169.8,1698,draft
1239,20251225,75,30,2,1,485,9,201.87,1816.83,validated
1240,20251225,75,2,2,1,485,5,42.11,210.55,validated
1241,20260304,70,12,6,5,486,4,210.12,840.48,delivered
1242,20260304,70,13,6,5,486,10,143.54,1435.4,delivered
1243,20250808,38,13,3,2,487,6,143.54,861.24,delivered
1244,20250606,65,25,2,1,488,3,439.08,1317.24,validated
1245,20250606,65,17,2,1,488,8,197.73,1581.84,validated
1246,20250831,21,24,4,3,489,6,101.26,607.56,delivered
1247,20250831,21,16,4,3,489,1,399.05,399.05,delivered
1248,20260205,29,12,2,1,490,11,210.12,2311.32,delivered
1249,20260205,29,8,2,1,490,4,367.35,1469.4,delivered
1250,20260205,29,2,2,1,490,9,42.11,378.99,delivered
1251,20251216,47,29,4,3,491,2,88.41,176.82,delivered
1252,20251216,47,2,4,3,491,12,42.11,505.32,delivered
1253,20251216,47,21,4,3,491,9,122.98,1106.82,delivered
1254,20251216,47,11,4,3,491,11,99.86,1098.46,delivered
1255,20251013,36,13,6,5,492,7,143.54,1004.78,delivered
1256,20251013,36,21,6,5,492,6,122.98,737.88,delivered
1257,20260501,76,17,5,4,493,5,197.73,988.65,draft
1258,20250923,49,27,4,3,494,8,169.8,1358.4,delivered
1259,20250923,49,28,4,3,494,8,195.3,1562.4,delivered
1260,20250923,49,12,4,3,494,10,210.12,2101.2,delivered
1261,20260212,1,6,2,1,495,11,270.94,2980.34,draft
1262,20260212,1,8,2,1,495,5,367.35,1836.75,draft
1263,20260212,1,3,2,1,495,4,89.76,359.04,draft
1264,20260212,1,17,2,1,495,3,197.73,593.19,draft
1265,20250820,24,22,3,2,496,4,318.32,1273.28,delivered
1266,20251117,54,22,3,2,497,3,318.32,954.96,validated
1267,20251117,54,16,3,2,497,11,399.05,4389.55,validated
1268,20251117,54,7,3,2,497,7,109.29,765.03,validated
1269,20251117,54,19,3,2,497,1,128.4,128.4,validated
1270,20250623,32,5,2,1,498,9,434.59,3911.31,delivered
1271,20250623,32,21,2,1,498,1,122.98,122.98,delivered
1272,20250815,74,30,6,5,499,7,201.87,1413.09,delivered
1273,20250815,74,6,6,5,499,10,270.94,2709.4,delivered
1274,20250815,74,17,6,5,499,10,197.73,1977.3,delivered
1275,20260505,3,7,6,5,500,8,109.29,874.32,validated
1276,20260128,78,8,6,5,501,7,367.35,2571.45,draft
1277,20260128,78,27,6,5,501,10,169.8,1698,draft
1278,20260326,19,20,6,5,502,9,448.57,4037.13,validated
1279,20260326,19,22,6,5,502,5,318.32,1591.6,validated
1280,20260518,22,20,2,1,503,7,448.57,3139.99,delivered
1281,20260518,22,19,2,1,503,7,128.4,898.8,delivered
1282,20260518,22,3,2,1,503,3,89.76,269.28,delivered
1283,20260518,22,8,2,1,503,2,367.35,734.7,delivered
1284,20250912,3,27,6,5,504,3,169.8,509.4,delivered
1285,20250912,3,5,6,5,504,8,434.59,3476.72,delivered
1286,20250912,3,20,6,5,504,10,448.57,4485.7,delivered
1287,20250912,3,4,6,5,504,10,222.64,2226.4,delivered
1288,20260228,5,3,4,3,505,8,89.76,718.08,delivered
1289,20260405,17,29,4,3,506,11,88.41,972.51,delivered
1290,20260223,56,23,4,3,507,9,440.06,3960.54,delivered
1291,20250926,55,26,4,3,508,10,233.62,2336.2,draft
1292,20250926,55,25,4,3,508,12,439.08,5268.96,draft
1293,20250926,55,13,4,3,508,12,143.54,1722.48,draft
1294,20250926,55,12,4,3,508,10,210.12,2101.2,draft
1295,20260104,13,25,5,4,509,2,439.08,878.16,delivered
1296,20260104,13,8,5,4,509,5,367.35,1836.75,delivered
1297,20260104,13,30,5,4,509,10,201.87,2018.7,delivered
1298,20260104,13,28,5,4,509,9,195.3,1757.7,delivered
1299,20251010,53,19,2,1,510,9,128.4,1155.6,delivered
1300,20260222,16,23,5,4,511,6,440.06,2640.36,delivered
1301,20260222,16,26,5,4,511,7,233.62,1635.34,delivered
1302,20250725,47,9,4,3,512,7,54.31,380.17,delivered
1303,20250725,47,28,4,3,512,10,195.3,1953,delivered
1304,20250725,47,18,4,3,512,6,215.47,1292.82,delivered
1305,20251020,79,25,5,4,513,9,439.08,3951.72,cancelled
1306,20251020,79,7,5,4,513,8,109.29,874.32,cancelled
1307,20251020,79,14,5,4,513,3,186.07,558.21,cancelled
1308,20251020,79,18,5,4,513,6,215.47,1292.82,cancelled
1309,20260312,72,19,2,1,514,12,128.4,1540.8,delivered
1310,20260312,72,12,2,1,514,7,210.12,1470.84,delivered
1311,20260312,72,25,2,1,514,12,439.08,5268.96,delivered
1312,20260504,18,15,4,3,515,12,175.8,2109.6,delivered
1313,20260504,18,26,4,3,515,3,233.62,700.86,delivered
1314,20250918,13,26,5,4,516,12,233.62,2803.44,delivered
1315,20250918,13,18,5,4,516,11,215.47,2370.17,delivered
1316,20250918,13,20,5,4,516,12,448.57,5382.84,delivered
1317,20250822,7,26,6,5,517,2,233.62,467.24,delivered
1318,20260128,19,3,6,5,518,2,89.76,179.52,draft
1319,20260128,19,9,6,5,518,10,54.31,543.1,draft
1320,20260128,19,8,6,5,518,1,367.35,367.35,draft
1321,20260128,19,12,6,5,518,12,210.12,2521.44,draft
1322,20251223,50,23,4,3,519,3,440.06,1320.18,validated
1323,20251223,50,20,4,3,519,11,448.57,4934.27,validated
1324,20251223,50,2,4,3,519,8,42.11,336.88,validated
1325,20250606,57,7,4,3,520,10,109.29,1092.9,delivered
1326,20250606,57,2,4,3,520,9,42.11,378.99,delivered
1327,20250606,57,26,4,3,520,9,233.62,2102.58,delivered
1328,20260411,30,12,2,1,521,4,210.12,840.48,delivered
1329,20250820,1,25,2,1,522,11,439.08,4829.88,delivered
1330,20250820,1,13,2,1,522,7,143.54,1004.78,delivered
1331,20250820,1,12,2,1,522,7,210.12,1470.84,delivered
1332,20250911,76,30,5,4,523,2,201.87,403.74,delivered
1333,20251024,71,12,4,3,524,4,210.12,840.48,validated
1334,20251024,71,27,4,3,524,10,169.8,1698,validated
1335,20251024,71,9,4,3,524,4,54.31,217.24,validated
1336,20251224,59,6,4,3,525,2,270.94,541.88,delivered
1337,20251224,59,14,4,3,525,9,186.07,1674.63,delivered
1338,20251224,59,17,4,3,525,2,197.73,395.46,delivered
1339,20251029,65,26,2,1,526,9,233.62,2102.58,delivered
1340,20260303,33,23,5,4,527,10,440.06,4400.6,validated
1341,20260303,33,15,5,4,527,8,175.8,1406.4,validated
1342,20260303,33,13,5,4,527,4,143.54,574.16,validated
1343,20260121,44,16,3,2,528,2,399.05,798.1,validated
1344,20250705,34,22,5,4,529,4,318.32,1273.28,delivered
1345,20250705,34,23,5,4,529,6,440.06,2640.36,delivered
1346,20251128,53,23,2,1,530,5,440.06,2200.3,delivered
1347,20251026,32,3,2,1,531,3,89.76,269.28,delivered
1348,20251026,32,18,2,1,531,8,215.47,1723.76,delivered
1349,20251026,32,30,2,1,531,6,201.87,1211.22,delivered
1350,20250920,46,6,2,1,532,4,270.94,1083.76,draft
1351,20250920,46,24,2,1,532,8,101.26,810.08,draft
1352,20250920,46,22,2,1,532,12,318.32,3819.84,draft
1353,20250929,26,7,2,1,533,4,109.29,437.16,validated
1354,20250929,26,8,2,1,533,10,367.35,3673.5,validated
1355,20250929,26,27,2,1,533,6,169.8,1018.8,validated
1356,20250725,20,22,6,5,534,11,318.32,3501.52,delivered
1357,20260411,64,28,4,3,535,8,195.3,1562.4,delivered
1358,20260414,48,16,3,2,536,9,399.05,3591.45,delivered
1359,20260414,48,6,3,2,536,5,270.94,1354.7,delivered
1360,20260414,48,25,3,2,536,7,439.08,3073.56,delivered
1361,20260323,29,16,2,1,537,6,399.05,2394.3,delivered
1362,20260323,29,18,2,1,537,7,215.47,1508.29,delivered
1363,20260323,29,2,2,1,537,11,42.11,463.21,delivered
1364,20260323,29,17,2,1,537,3,197.73,593.19,delivered
1365,20250801,59,11,4,3,538,4,99.86,399.44,validated
1366,20250801,59,23,4,3,538,7,440.06,3080.42,validated
1367,20250801,59,1,4,3,538,10,449.96,4499.6,validated
1368,20250801,59,22,4,3,538,2,318.32,636.64,validated
1369,20251203,42,6,2,1,539,4,270.94,1083.76,validated
1370,20251203,42,18,2,1,539,5,215.47,1077.35,validated
1371,20251203,42,9,2,1,539,8,54.31,434.48,validated
1372,20251123,79,14,5,4,540,6,186.07,1116.42,delivered
1373,20251123,79,7,5,4,540,6,109.29,655.74,delivered
1374,20251123,79,23,5,4,540,7,440.06,3080.42,delivered
1375,20251123,79,25,5,4,540,5,439.08,2195.4,delivered
1376,20250901,58,27,2,1,541,12,169.8,2037.6,delivered
1377,20250901,58,4,2,1,541,5,222.64,1113.2,delivered
1378,20260312,31,7,5,4,542,3,109.29,327.87,delivered
1379,20260312,31,5,5,4,542,8,434.59,3476.72,delivered
1380,20260312,31,26,5,4,542,1,233.62,233.62,delivered
1381,20260312,31,24,5,4,542,3,101.26,303.78,delivered
1382,20260211,54,26,3,2,543,5,233.62,1168.1,delivered
1383,20260211,54,16,3,2,543,9,399.05,3591.45,delivered
1384,20260211,54,10,3,2,543,10,209.25,2092.5,delivered
1385,20251221,7,2,6,5,544,5,42.11,210.55,delivered
1386,20251221,7,7,6,5,544,8,109.29,874.32,delivered
1387,20260117,13,12,5,4,545,5,210.12,1050.6,validated
1388,20260117,13,18,5,4,545,6,215.47,1292.82,validated
1389,20260117,13,30,5,4,545,1,201.87,201.87,validated
1390,20250802,53,19,2,1,546,11,128.4,1412.4,delivered
1391,20250802,53,21,2,1,546,9,122.98,1106.82,delivered
1392,20251024,23,25,3,2,547,2,439.08,878.16,delivered
1393,20251024,23,24,3,2,547,7,101.26,708.82,delivered
1394,20251024,23,15,3,2,547,10,175.8,1758,delivered
1395,20251024,23,29,3,2,547,5,88.41,442.05,delivered
1396,20260420,60,21,5,4,548,6,122.98,737.88,cancelled
1397,20260420,60,26,5,4,548,7,233.62,1635.34,cancelled
1398,20260320,79,3,5,4,549,3,89.76,269.28,delivered
1399,20250925,44,23,3,2,550,11,440.06,4840.66,delivered
1400,20250925,44,9,3,2,550,7,54.31,380.17,delivered
1401,20250925,44,20,3,2,550,5,448.57,2242.85,delivered
1402,20251203,57,14,4,3,551,3,186.07,558.21,validated
1403,20251203,57,6,4,3,551,12,270.94,3251.28,validated
1404,20251203,57,28,4,3,551,4,195.3,781.2,validated
1405,20251203,57,1,4,3,551,11,449.96,4949.56,validated
1406,20260525,33,6,5,4,552,2,270.94,541.88,validated
1407,20260525,33,13,5,4,552,2,143.54,287.08,validated
1408,20260129,9,25,4,3,553,7,439.08,3073.56,delivered
1409,20250713,68,3,6,5,554,7,89.76,628.32,delivered
1410,20250713,68,21,6,5,554,5,122.98,614.9,delivered
1411,20251005,30,21,2,1,555,3,122.98,368.94,validated
1412,20251005,30,5,2,1,555,1,434.59,434.59,validated
1413,20251005,30,17,2,1,555,1,197.73,197.73,validated
1414,20251005,30,27,2,1,555,11,169.8,1867.8,validated
1415,20251114,46,28,2,1,556,9,195.3,1757.7,draft
1416,20251114,46,18,2,1,556,8,215.47,1723.76,draft
1417,20251114,46,30,2,1,556,3,201.87,605.61,draft
1418,20251114,46,9,2,1,556,12,54.31,651.72,draft
1419,20250830,70,21,6,5,557,7,122.98,860.86,delivered
1420,20250830,70,24,6,5,557,9,101.26,911.34,delivered
1421,20250830,70,29,6,5,557,11,88.41,972.51,delivered
1422,20250830,70,19,6,5,557,11,128.4,1412.4,delivered
1423,20251106,69,18,6,5,558,8,215.47,1723.76,draft
1424,20251106,69,8,6,5,558,5,367.35,1836.75,draft
1425,20251106,69,26,6,5,558,6,233.62,1401.72,draft
1426,20251106,69,3,6,5,558,7,89.76,628.32,draft
1427,20250819,34,17,5,4,559,3,197.73,593.19,delivered
1428,20251025,45,23,4,3,560,8,440.06,3520.48,delivered
1429,20251101,62,26,6,5,561,1,233.62,233.62,delivered
1430,20251101,62,10,6,5,561,9,209.25,1883.25,delivered
1431,20251101,62,20,6,5,561,6,448.57,2691.42,delivered
1432,20251101,62,8,6,5,561,4,367.35,1469.4,delivered
1433,20260315,53,6,2,1,562,12,270.94,3251.28,delivered
1434,20260315,53,23,2,1,562,11,440.06,4840.66,delivered
1435,20251211,50,14,4,3,563,11,186.07,2046.77,delivered
1436,20260220,31,10,5,4,564,9,209.25,1883.25,validated
1437,20260220,31,21,5,4,564,5,122.98,614.9,validated
1438,20260220,31,24,5,4,564,7,101.26,708.82,validated
1439,20250706,25,4,3,2,565,10,222.64,2226.4,delivered
1440,20250706,25,21,3,2,565,8,122.98,983.84,delivered
1441,20250706,25,15,3,2,565,5,175.8,879,delivered
1442,20260207,80,5,5,4,566,1,434.59,434.59,delivered
1443,20250612,69,10,6,5,567,5,209.25,1046.25,delivered
1444,20260111,17,3,4,3,568,1,89.76,89.76,validated
1445,20260111,17,5,4,3,568,8,434.59,3476.72,validated
1446,20251123,28,12,5,4,569,1,210.12,210.12,delivered
1447,20251123,28,15,5,4,569,6,175.8,1054.8,delivered
1448,20251123,28,23,5,4,569,2,440.06,880.12,delivered
1449,20251123,28,26,5,4,569,3,233.62,700.86,delivered
1450,20251015,8,18,3,2,570,8,215.47,1723.76,validated
1451,20250907,24,27,3,2,571,2,169.8,339.6,draft
1452,20250907,24,13,3,2,571,12,143.54,1722.48,draft
1453,20250907,24,1,3,2,571,4,449.96,1799.84,draft
1454,20260113,50,7,4,3,572,8,109.29,874.32,delivered
1455,20260222,13,16,5,4,573,11,399.05,4389.55,validated
1456,20260222,13,13,5,4,573,5,143.54,717.7,validated
1457,20250821,42,24,2,1,574,9,101.26,911.34,validated
1458,20250802,67,7,2,1,575,1,109.29,109.29,delivered
1459,20250802,67,12,2,1,575,11,210.12,2311.32,delivered
1460,20250802,67,29,2,1,575,4,88.41,353.64,delivered
1461,20250929,15,1,2,1,576,5,449.96,2249.8,validated
1462,20250929,15,6,2,1,576,10,270.94,2709.4,validated
1463,20250929,15,26,2,1,576,2,233.62,467.24,validated
1464,20251003,51,19,3,2,577,12,128.4,1540.8,delivered
1465,20260519,61,25,3,2,578,3,439.08,1317.24,delivered
1466,20260519,61,3,3,2,578,8,89.76,718.08,delivered
1467,20260519,61,8,3,2,578,2,367.35,734.7,delivered
1468,20251121,80,2,5,4,579,6,42.11,252.66,draft
1469,20260526,20,5,6,5,580,8,434.59,3476.72,delivered
1470,20251110,30,26,2,1,581,12,233.62,2803.44,cancelled
1471,20251110,30,29,2,1,581,4,88.41,353.64,cancelled
1472,20251110,30,15,2,1,581,1,175.8,175.8,cancelled
1473,20251201,49,29,4,3,582,12,88.41,1060.92,validated
1474,20251201,49,2,4,3,582,8,42.11,336.88,validated
1475,20251201,49,16,4,3,582,9,399.05,3591.45,validated
1476,20260305,38,19,3,2,583,9,128.4,1155.6,validated
1477,20260305,38,6,3,2,583,6,270.94,1625.64,validated
1478,20260126,42,3,2,1,584,3,89.76,269.28,delivered
1479,20260126,42,17,2,1,584,8,197.73,1581.84,delivered
1480,20251013,38,1,3,2,585,7,449.96,3149.72,delivered
1481,20251013,38,25,3,2,585,12,439.08,5268.96,delivered
1482,20251013,38,21,3,2,585,3,122.98,368.94,delivered
1483,20251013,38,17,3,2,585,1,197.73,197.73,delivered
1484,20251204,80,11,5,4,586,2,99.86,199.72,validated
1485,20251204,80,24,5,4,586,11,101.26,1113.86,validated
1486,20251216,69,25,6,5,587,5,439.08,2195.4,delivered
1487,20251216,69,18,6,5,587,6,215.47,1292.82,delivered
1488,20251216,69,5,6,5,587,7,434.59,3042.13,delivered
1489,20251216,69,20,6,5,587,11,448.57,4934.27,delivered
1490,20250727,42,2,2,1,588,3,42.11,126.33,delivered
1491,20250617,23,7,3,2,589,11,109.29,1202.19,delivered
1492,20250617,23,4,3,2,589,7,222.64,1558.48,delivered
1493,20250617,23,2,3,2,589,11,42.11,463.21,delivered
1494,20250617,23,19,3,2,589,8,128.4,1027.2,delivered
1495,20260416,68,2,6,5,590,10,42.11,421.1,validated
1496,20260416,68,12,6,5,590,12,210.12,2521.44,validated
1497,20260416,68,8,6,5,590,2,367.35,734.7,validated
1498,20250915,2,15,6,5,591,11,175.8,1933.8,validated
1499,20251202,8,27,3,2,592,1,169.8,169.8,delivered
1500,20251202,8,12,3,2,592,10,210.12,2101.2,delivered
1501,20251202,8,26,3,2,592,5,233.62,1168.1,delivered
1502,20251202,8,23,3,2,592,9,440.06,3960.54,delivered
1503,20250707,6,7,2,1,593,9,109.29,983.61,validated
1504,20250722,13,7,5,4,594,10,109.29,1092.9,validated
1505,20250722,13,17,5,4,594,11,197.73,2175.03,validated
1506,20250722,13,22,5,4,594,3,318.32,954.96,validated
1507,20250722,13,8,5,4,594,9,367.35,3306.15,validated
1508,20251230,72,22,2,1,595,11,318.32,3501.52,validated
1509,20251230,72,15,2,1,595,7,175.8,1230.6,validated
1510,20251230,72,23,2,1,595,2,440.06,880.12,validated
1511,20250901,22,22,2,1,596,10,318.32,3183.2,delivered
1512,20250901,22,6,2,1,596,8,270.94,2167.52,delivered
1513,20250901,22,18,2,1,596,6,215.47,1292.82,delivered
1514,20260309,41,28,2,1,597,11,195.3,2148.3,cancelled
1515,20260309,41,12,2,1,597,7,210.12,1470.84,cancelled
1516,20260309,41,14,2,1,597,12,186.07,2232.84,cancelled
1517,20260408,42,13,2,1,598,9,143.54,1291.86,delivered
1518,20260408,42,25,2,1,598,12,439.08,5268.96,delivered
1519,20251202,33,13,5,4,599,5,143.54,717.7,cancelled
1520,20251202,33,1,5,4,599,10,449.96,4499.6,cancelled
1521,20251202,33,24,5,4,599,1,101.26,101.26,cancelled
1522,20251202,33,2,5,4,599,9,42.11,378.99,cancelled
1523,20251102,18,7,4,3,600,6,109.29,655.74,delivered
1524,20251102,18,28,4,3,600,1,195.3,195.3,delivered
