line_id,order_id,product_id,product_name,category,quantity,unit_price,line_total
1,1,10,Soil PH Corrector,Fertilizers,10,209.25,2092.5
2,1,19,Salinity Control Product,Soil treatment,12,128.4,1540.8
3,1,20,Greenhouse Pest Control,Fungicides,2,448.57,897.14
4,1,2,Organic Compost Mix,Soil treatment,4,42.11,168.44
5,2,8,Drip Irrigation Kit,Irrigation products,9,367.35,3306.15
6,2,6,Anti-Fungal Treatment,Fertilizers,2,270.94,541.88
7,3,10,Soil PH Corrector,Fertilizers,5,209.25,1046.25
8,3,2,Organic Compost Mix,Soil treatment,12,42.11,505.32
9,3,8,Drip Irrigation Kit,Irrigation products,8,367.35,2938.8
10,3,23,Seed Germination Booster,Irrigation products,2,440.06,880.12
11,4,14,Nitrogen Booster,Soil treatment,9,186.07,1674.63
12,4,4,Wheat Seeds Resistant,Seeds,4,222.64,890.56
13,5,2,Organic Compost Mix,Soil treatment,3,42.11,126.33
14,6,15,Citrus Growth Formula,Seeds,5,175.8,879.0
15,6,4,Wheat Seeds Resistant,Seeds,12,222.64,2671.68
16,6,23,Seed Germination Booster,Irrigation products,7,440.06,3080.42
17,7,3,Tomato Seeds Premium,Irrigation products,7,89.76,628.32
18,7,20,Greenhouse Pest Control,Fungicides,12,448.57,5382.84
19,7,2,Organic Compost Mix,Soil treatment,6,42.11,252.66
20,7,29,Climate Smart Pack,Seeds,10,88.41,884.1
21,8,25,Micro Elements Pack,Fertilizers,11,439.08,4829.88
22,9,16,Vegetable Root Stimulator,Soil treatment,11,399.05,4389.55
23,9,17,Cereal Yield Enhancer,Soil treatment,8,197.73,1581.84
24,10,21,Aphid Control Solution,Pesticides,8,122.98,983.84
25,10,27,Irrigation Filter Pack,Fungicides,6,169.8,1018.8
26,10,16,Vegetable Root Stimulator,Soil treatment,7,399.05,2793.35
27,10,3,Tomato Seeds Premium,Irrigation products,6,89.76,538.56
28,11,11,Drought Shield Bio,Fungicides,12,99.86,1198.32
29,11,14,Nitrogen Booster,Soil treatment,8,186.07,1488.56
30,12,15,Citrus Growth Formula,Seeds,2,175.8,351.6
31,13,28,Soil Moisture Sensor,Fertilizers,11,195.3,2148.3
32,13,17,Cereal Yield Enhancer,Soil treatment,9,197.73,1779.57
33,13,27,Irrigation Filter Pack,Fungicides,8,169.8,1358.4
34,13,1,NPK Fertilizer 20-20-20,Fertilizers,7,449.96,3149.72
35,14,21,Aphid Control Solution,Pesticides,4,122.98,491.92
36,14,15,Citrus Growth Formula,Seeds,5,175.8,879.0
37,14,25,Micro Elements Pack,Fertilizers,9,439.08,3951.72
38,14,2,Organic Compost Mix,Soil treatment,3,42.11,126.33
39,15,4,Wheat Seeds Resistant,Seeds,4,222.64,890.56
40,15,1,NPK Fertilizer 20-20-20,Fertilizers,12,449.96,5399.52
41,15,21,Aphid Control Solution,Pesticides,3,122.98,368.94
42,15,20,Greenhouse Pest Control,Fungicides,5,448.57,2242.85
43,16,8,Drip Irrigation Kit,Irrigation products,2,367.35,734.7
44,17,16,Vegetable Root Stimulator,Soil treatment,12,399.05,4788.6
45,17,30,Bio Stimulant Plus,Climate-adapted products,5,201.87,1009.35
46,18,16,Vegetable Root Stimulator,Soil treatment,3,399.05,1197.15
47,18,8,Drip Irrigation Kit,Irrigation products,7,367.35,2571.45
48,18,15,Citrus Growth Formula,Seeds,4,175.8,703.2
49,18,18,Palm Tree Fertilizer,Fungicides,10,215.47,2154.7
50,19,25,Micro Elements Pack,Fertilizers,7,439.08,3073.56
51,19,26,Crop Stress Reducer,Climate-adapted products,6,233.62,1401.72
52,19,28,Soil Moisture Sensor,Fertilizers,9,195.3,1757.7
53,20,27,Irrigation Filter Pack,Fungicides,8,169.8,1358.4
54,20,19,Salinity Control Product,Soil treatment,3,128.4,385.2
55,20,22,Mildew Protection Spray,Climate-adapted products,8,318.32,2546.56
56,21,15,Citrus Growth Formula,Seeds,4,175.8,703.2
57,21,30,Bio Stimulant Plus,Climate-adapted products,12,201.87,2422.44
58,21,11,Drought Shield Bio,Fungicides,4,99.86,399.44
59,21,28,Soil Moisture Sensor,Fertilizers,10,195.3,1953.0
60,22,2,Organic Compost Mix,Soil treatment,12,42.11,505.32
61,22,11,Drought Shield Bio,Fungicides,7,99.86,699.02
62,22,24,Foliar Nutrition Mix,Pesticides,7,101.26,708.82
63,22,16,Vegetable Root Stimulator,Soil treatment,11,399.05,4389.55
64,23,17,Cereal Yield Enhancer,Soil treatment,6,197.73,1186.38
65,23,19,Salinity Control Product,Soil treatment,2,128.4,256.8
66,24,1,NPK Fertilizer 20-20-20,Fertilizers,11,449.96,4949.56
67,24,24,Foliar Nutrition Mix,Pesticides,3,101.26,303.78
68,24,5,Olive Tree Nutrient Pack,Irrigation products,2,434.59,869.18
69,24,14,Nitrogen Booster,Soil treatment,8,186.07,1488.56
70,25,21,Aphid Control Solution,Pesticides,11,122.98,1352.78
71,25,3,Tomato Seeds Premium,Irrigation products,9,89.76,807.84
72,25,28,Soil Moisture Sensor,Fertilizers,7,195.3,1367.1
73,25,11,Drought Shield Bio,Fungicides,6,99.86,599.16
74,26,8,Drip Irrigation Kit,Irrigation products,11,367.35,4040.85
75,27,4,Wheat Seeds Resistant,Seeds,2,222.64,445.28
76,27,25,Micro Elements Pack,Fertilizers,8,439.08,3512.64
77,27,21,Aphid Control Solution,Pesticides,3,122.98,368.94
78,27,23,Seed Germination Booster,Irrigation products,12,440.06,5280.72
79,28,10,Soil PH Corrector,Fertilizers,6,209.25,1255.5
80,29,19,Salinity Control Product,Soil treatment,3,128.4,385.2
81,29,22,Mildew Protection Spray,Climate-adapted products,3,318.32,954.96
82,29,26,Crop Stress Reducer,Climate-adapted products,2,233.62,467.24
83,29,6,Anti-Fungal Treatment,Fertilizers,10,270.94,2709.4
84,30,30,Bio Stimulant Plus,Climate-adapted products,8,201.87,1614.96
85,30,19,Salinity Control Product,Soil treatment,11,128.4,1412.4
86,30,5,Olive Tree Nutrient Pack,Irrigation products,5,434.59,2172.95
87,30,8,Drip Irrigation Kit,Irrigation products,8,367.35,2938.8
88,31,29,Climate Smart Pack,Seeds,3,88.41,265.23
89,31,10,Soil PH Corrector,Fertilizers,2,209.25,418.5
90,31,22,Mildew Protection Spray,Climate-adapted products,8,318.32,2546.56
91,31,18,Palm Tree Fertilizer,Fungicides,6,215.47,1292.82
92,32,23,Seed Germination Booster,Irrigation products,5,440.06,2200.3
93,32,9,Water Retention Granules,Pesticides,4,54.31,217.24
94,32,15,Citrus Growth Formula,Seeds,7,175.8,1230.6
95,32,28,Soil Moisture Sensor,Fertilizers,8,195.3,1562.4
96,33,19,Salinity Control Product,Soil treatment,5,128.4,642.0
97,33,10,Soil PH Corrector,Fertilizers,1,209.25,209.25
98,33,23,Seed Germination Booster,Irrigation products,11,440.06,4840.66
99,34,30,Bio Stimulant Plus,Climate-adapted products,10,201.87,2018.7
100,35,20,Greenhouse Pest Control,Fungicides,6,448.57,2691.42
101,35,26,Crop Stress Reducer,Climate-adapted products,4,233.62,934.48
102,36,21,Aphid Control Solution,Pesticides,11,122.98,1352.78
103,36,4,Wheat Seeds Resistant,Seeds,11,222.64,2449.04
104,37,19,Salinity Control Product,Soil treatment,6,128.4,770.4
105,38,24,Foliar Nutrition Mix,Pesticides,4,101.26,405.04
106,38,14,Nitrogen Booster,Soil treatment,3,186.07,558.21
107,38,6,Anti-Fungal Treatment,Fertilizers,9,270.94,2438.46
108,39,27,Irrigation Filter Pack,Fungicides,8,169.8,1358.4
109,39,6,Anti-Fungal Treatment,Fertilizers,5,270.94,1354.7
110,39,9,Water Retention Granules,Pesticides,12,54.31,651.72
111,40,5,Olive Tree Nutrient Pack,Irrigation products,4,434.59,1738.36
112,41,1,NPK Fertilizer 20-20-20,Fertilizers,8,449.96,3599.68
113,41,9,Water Retention Granules,Pesticides,6,54.31,325.86
114,41,18,Palm Tree Fertilizer,Fungicides,11,215.47,2370.17
115,41,4,Wheat Seeds Resistant,Seeds,12,222.64,2671.68
116,42,4,Wheat Seeds Resistant,Seeds,8,222.64,1781.12
117,42,22,Mildew Protection Spray,Climate-adapted products,1,318.32,318.32
118,42,8,Drip Irrigation Kit,Irrigation products,10,367.35,3673.5
119,43,21,Aphid Control Solution,Pesticides,11,122.98,1352.78
120,43,3,Tomato Seeds Premium,Irrigation products,8,89.76,718.08
121,44,2,Organic Compost Mix,Soil treatment,8,42.11,336.88
122,44,10,Soil PH Corrector,Fertilizers,2,209.25,418.5
123,45,13,Potassium Booster,Fertilizers,6,143.54,861.24
124,45,15,Citrus Growth Formula,Seeds,11,175.8,1933.8
125,46,29,Climate Smart Pack,Seeds,11,88.41,972.51
126,46,14,Nitrogen Booster,Soil treatment,2,186.07,372.14
127,47,2,Organic Compost Mix,Soil treatment,4,42.11,168.44
128,47,23,Seed Germination Booster,Irrigation products,8,440.06,3520.48
129,47,12,Humidity Control Spray,Fungicides,8,210.12,1680.96
130,48,18,Palm Tree Fertilizer,Fungicides,6,215.47,1292.82
131,48,29,Climate Smart Pack,Seeds,1,88.41,88.41
132,48,21,Aphid Control Solution,Pesticides,7,122.98,860.86
133,49,3,Tomato Seeds Premium,Irrigation products,11,89.76,987.36
134,49,22,Mildew Protection Spray,Climate-adapted products,10,318.32,3183.2
135,49,7,Copper Fungicide,Soil treatment,1,109.29,109.29
136,49,21,Aphid Control Solution,Pesticides,1,122.98,122.98
137,50,3,Tomato Seeds Premium,Irrigation products,9,89.76,807.84
138,50,27,Irrigation Filter Pack,Fungicides,4,169.8,679.2
139,51,11,Drought Shield Bio,Fungicides,3,99.86,299.58
140,51,25,Micro Elements Pack,Fertilizers,10,439.08,4390.8
141,52,5,Olive Tree Nutrient Pack,Irrigation products,5,434.59,2172.95
142,52,18,Palm Tree Fertilizer,Fungicides,3,215.47,646.41
143,53,1,NPK Fertilizer 20-20-20,Fertilizers,4,449.96,1799.84
144,53,12,Humidity Control Spray,Fungicides,10,210.12,2101.2
145,54,5,Olive Tree Nutrient Pack,Irrigation products,12,434.59,5215.08
146,55,16,Vegetable Root Stimulator,Soil treatment,8,399.05,3192.4
147,56,17,Cereal Yield Enhancer,Soil treatment,12,197.73,2372.76
148,56,8,Drip Irrigation Kit,Irrigation products,11,367.35,4040.85
149,56,20,Greenhouse Pest Control,Fungicides,9,448.57,4037.13
150,56,2,Organic Compost Mix,Soil treatment,5,42.11,210.55
151,57,16,Vegetable Root Stimulator,Soil treatment,7,399.05,2793.35
152,58,3,Tomato Seeds Premium,Irrigation products,3,89.76,269.28
153,58,29,Climate Smart Pack,Seeds,2,88.41,176.82
154,58,11,Drought Shield Bio,Fungicides,3,99.86,299.58
155,58,20,Greenhouse Pest Control,Fungicides,5,448.57,2242.85
156,59,13,Potassium Booster,Fertilizers,5,143.54,717.7
157,59,20,Greenhouse Pest Control,Fungicides,8,448.57,3588.56
158,59,17,Cereal Yield Enhancer,Soil treatment,9,197.73,1779.57
159,60,28,Soil Moisture Sensor,Fertilizers,11,195.3,2148.3
160,61,14,Nitrogen Booster,Soil treatment,8,186.07,1488.56
161,61,11,Drought Shield Bio,Fungicides,7,99.86,699.02
162,62,22,Mildew Protection Spray,Climate-adapted products,3,318.32,954.96
163,62,9,Water Retention Granules,Pesticides,11,54.31,597.41
164,62,12,Humidity Control Spray,Fungicides,8,210.12,1680.96
165,63,14,Nitrogen Booster,Soil treatment,2,186.07,372.14
166,64,22,Mildew Protection Spray,Climate-adapted products,6,318.32,1909.92
167,64,4,Wheat Seeds Resistant,Seeds,11,222.64,2449.04
168,64,14,Nitrogen Booster,Soil treatment,7,186.07,1302.49
169,65,4,Wheat Seeds Resistant,Seeds,4,222.64,890.56
170,65,19,Salinity Control Product,Soil treatment,3,128.4,385.2
171,65,17,Cereal Yield Enhancer,Soil treatment,11,197.73,2175.03
172,66,28,Soil Moisture Sensor,Fertilizers,2,195.3,390.6
173,66,18,Palm Tree Fertilizer,Fungicides,5,215.47,1077.35
174,66,12,Humidity Control Spray,Fungicides,10,210.12,2101.2
175,67,20,Greenhouse Pest Control,Fungicides,11,448.57,4934.27
176,68,30,Bio Stimulant Plus,Climate-adapted products,1,201.87,201.87
177,68,11,Drought Shield Bio,Fungicides,3,99.86,299.58
178,68,12,Humidity Control Spray,Fungicides,3,210.12,630.36
179,69,24,Foliar Nutrition Mix,Pesticides,1,101.26,101.26
180,69,21,Aphid Control Solution,Pesticides,2,122.98,245.96
181,70,11,Drought Shield Bio,Fungicides,12,99.86,1198.32
182,70,6,Anti-Fungal Treatment,Fertilizers,6,270.94,1625.64
183,70,12,Humidity Control Spray,Fungicides,10,210.12,2101.2
184,70,10,Soil PH Corrector,Fertilizers,10,209.25,2092.5
185,71,22,Mildew Protection Spray,Climate-adapted products,2,318.32,636.64
186,72,20,Greenhouse Pest Control,Fungicides,4,448.57,1794.28
187,72,15,Citrus Growth Formula,Seeds,9,175.8,1582.2
188,72,14,Nitrogen Booster,Soil treatment,2,186.07,372.14
189,72,9,Water Retention Granules,Pesticides,6,54.31,325.86
190,73,17,Cereal Yield Enhancer,Soil treatment,4,197.73,790.92
191,73,22,Mildew Protection Spray,Climate-adapted products,7,318.32,2228.24
192,73,10,Soil PH Corrector,Fertilizers,10,209.25,2092.5
193,73,2,Organic Compost Mix,Soil treatment,1,42.11,42.11
194,74,25,Micro Elements Pack,Fertilizers,5,439.08,2195.4
195,74,5,Olive Tree Nutrient Pack,Irrigation products,5,434.59,2172.95
196,75,6,Anti-Fungal Treatment,Fertilizers,12,270.94,3251.28
197,75,5,Olive Tree Nutrient Pack,Irrigation products,4,434.59,1738.36
198,75,13,Potassium Booster,Fertilizers,9,143.54,1291.86
199,75,18,Palm Tree Fertilizer,Fungicides,9,215.47,1939.23
200,76,14,Nitrogen Booster,Soil treatment,1,186.07,186.07
201,77,19,Salinity Control Product,Soil treatment,7,128.4,898.8
202,77,13,Potassium Booster,Fertilizers,5,143.54,717.7
203,77,23,Seed Germination Booster,Irrigation products,2,440.06,880.12
204,77,21,Aphid Control Solution,Pesticides,7,122.98,860.86
205,78,27,Irrigation Filter Pack,Fungicides,2,169.8,339.6
206,78,23,Seed Germination Booster,Irrigation products,7,440.06,3080.42
207,78,30,Bio Stimulant Plus,Climate-adapted products,2,201.87,403.74
208,78,12,Humidity Control Spray,Fungicides,4,210.12,840.48
209,79,13,Potassium Booster,Fertilizers,5,143.54,717.7
210,80,3,Tomato Seeds Premium,Irrigation products,11,89.76,987.36
211,80,17,Cereal Yield Enhancer,Soil treatment,2,197.73,395.46
212,81,12,Humidity Control Spray,Fungicides,11,210.12,2311.32
213,81,24,Foliar Nutrition Mix,Pesticides,3,101.26,303.78
214,81,27,Irrigation Filter Pack,Fungicides,4,169.8,679.2
215,82,20,Greenhouse Pest Control,Fungicides,11,448.57,4934.27
216,82,5,Olive Tree Nutrient Pack,Irrigation products,2,434.59,869.18
217,83,22,Mildew Protection Spray,Climate-adapted products,11,318.32,3501.52
218,83,30,Bio Stimulant Plus,Climate-adapted products,11,201.87,2220.57
219,83,29,Climate Smart Pack,Seeds,10,88.41,884.1
220,83,19,Salinity Control Product,Soil treatment,6,128.4,770.4
221,84,15,Citrus Growth Formula,Seeds,5,175.8,879.0
222,84,21,Aphid Control Solution,Pesticides,10,122.98,1229.8
223,84,10,Soil PH Corrector,Fertilizers,1,209.25,209.25
224,84,26,Crop Stress Reducer,Climate-adapted products,6,233.62,1401.72
225,85,2,Organic Compost Mix,Soil treatment,2,42.11,84.22
226,85,12,Humidity Control Spray,Fungicides,11,210.12,2311.32
227,85,27,Irrigation Filter Pack,Fungicides,2,169.8,339.6
228,85,10,Soil PH Corrector,Fertilizers,10,209.25,2092.5
229,86,15,Citrus Growth Formula,Seeds,10,175.8,1758.0
230,87,2,Organic Compost Mix,Soil treatment,2,42.11,84.22
231,87,15,Citrus Growth Formula,Seeds,6,175.8,1054.8
232,88,8,Drip Irrigation Kit,Irrigation products,12,367.35,4408.2
233,89,12,Humidity Control Spray,Fungicides,5,210.12,1050.6
234,89,30,Bio Stimulant Plus,Climate-adapted products,7,201.87,1413.09
235,90,26,Crop Stress Reducer,Climate-adapted products,11,233.62,2569.82
236,91,10,Soil PH Corrector,Fertilizers,11,209.25,2301.75
237,91,9,Water Retention Granules,Pesticides,10,54.31,543.1
238,91,24,Foliar Nutrition Mix,Pesticides,3,101.26,303.78
239,91,28,Soil Moisture Sensor,Fertilizers,6,195.3,1171.8
240,92,10,Soil PH Corrector,Fertilizers,11,209.25,2301.75
241,92,21,Aphid Control Solution,Pesticides,7,122.98,860.86
242,92,23,Seed Germination Booster,Irrigation products,3,440.06,1320.18
243,93,18,Palm Tree Fertilizer,Fungicides,6,215.47,1292.82
244,93,13,Potassium Booster,Fertilizers,3,143.54,430.62
245,93,21,Aphid Control Solution,Pesticides,11,122.98,1352.78
246,94,17,Cereal Yield Enhancer,Soil treatment,3,197.73,593.19
247,94,12,Humidity Control Spray,Fungicides,4,210.12,840.48
248,94,1,NPK Fertilizer 20-20-20,Fertilizers,6,449.96,2699.76
249,94,10,Soil PH Corrector,Fertilizers,8,209.25,1674.0
250,95,3,Tomato Seeds Premium,Irrigation products,2,89.76,179.52
251,95,10,Soil PH Corrector,Fertilizers,9,209.25,1883.25
252,96,29,Climate Smart Pack,Seeds,3,88.41,265.23
253,96,25,Micro Elements Pack,Fertilizers,10,439.08,4390.8
254,96,20,Greenhouse Pest Control,Fungicides,7,448.57,3139.99
255,97,24,Foliar Nutrition Mix,Pesticides,1,101.26,101.26
256,97,15,Citrus Growth Formula,Seeds,7,175.8,1230.6
257,98,20,Greenhouse Pest Control,Fungicides,8,448.57,3588.56
258,98,10,Soil PH Corrector,Fertilizers,4,209.25,837.0
259,98,25,Micro Elements Pack,Fertilizers,9,439.08,3951.72
260,98,24,Foliar Nutrition Mix,Pesticides,4,101.26,405.04
261,99,12,Humidity Control Spray,Fungicides,10,210.12,2101.2
262,99,22,Mildew Protection Spray,Climate-adapted products,8,318.32,2546.56
263,100,6,Anti-Fungal Treatment,Fertilizers,10,270.94,2709.4
264,100,27,Irrigation Filter Pack,Fungicides,3,169.8,509.4
265,100,7,Copper Fungicide,Soil treatment,5,109.29,546.45
266,100,26,Crop Stress Reducer,Climate-adapted products,1,233.62,233.62
267,101,23,Seed Germination Booster,Irrigation products,9,440.06,3960.54
268,102,9,Water Retention Granules,Pesticides,9,54.31,488.79
269,102,15,Citrus Growth Formula,Seeds,3,175.8,527.4
270,103,27,Irrigation Filter Pack,Fungicides,6,169.8,1018.8
271,103,15,Citrus Growth Formula,Seeds,1,175.8,175.8
272,104,8,Drip Irrigation Kit,Irrigation products,6,367.35,2204.1
273,104,13,Potassium Booster,Fertilizers,4,143.54,574.16
274,104,3,Tomato Seeds Premium,Irrigation products,1,89.76,89.76
275,105,26,Crop Stress Reducer,Climate-adapted products,5,233.62,1168.1
276,105,5,Olive Tree Nutrient Pack,Irrigation products,8,434.59,3476.72
277,105,2,Organic Compost Mix,Soil treatment,12,42.11,505.32
278,106,29,Climate Smart Pack,Seeds,2,88.41,176.82
279,107,18,Palm Tree Fertilizer,Fungicides,10,215.47,2154.7
280,107,24,Foliar Nutrition Mix,Pesticides,9,101.26,911.34
281,108,10,Soil PH Corrector,Fertilizers,1,209.25,209.25
282,108,4,Wheat Seeds Resistant,Seeds,4,222.64,890.56
283,109,3,Tomato Seeds Premium,Irrigation products,8,89.76,718.08
284,109,4,Wheat Seeds Resistant,Seeds,10,222.64,2226.4
285,109,27,Irrigation Filter Pack,Fungicides,9,169.8,1528.2
286,109,29,Climate Smart Pack,Seeds,1,88.41,88.41
287,110,10,Soil PH Corrector,Fertilizers,1,209.25,209.25
288,110,14,Nitrogen Booster,Soil treatment,10,186.07,1860.7
289,111,22,Mildew Protection Spray,Climate-adapted products,9,318.32,2864.88
290,111,3,Tomato Seeds Premium,Irrigation products,6,89.76,538.56
291,112,13,Potassium Booster,Fertilizers,8,143.54,1148.32
292,113,9,Water Retention Granules,Pesticides,6,54.31,325.86
293,113,24,Foliar Nutrition Mix,Pesticides,2,101.26,202.52
294,113,1,NPK Fertilizer 20-20-20,Fertilizers,6,449.96,2699.76
295,114,5,Olive Tree Nutrient Pack,Irrigation products,9,434.59,3911.31
296,114,2,Organic Compost Mix,Soil treatment,6,42.11,252.66
297,114,12,Humidity Control Spray,Fungicides,11,210.12,2311.32
298,115,21,Aphid Control Solution,Pesticides,2,122.98,245.96
299,115,6,Anti-Fungal Treatment,Fertilizers,12,270.94,3251.28
300,115,26,Crop Stress Reducer,Climate-adapted products,8,233.62,1868.96
301,115,5,Olive Tree Nutrient Pack,Irrigation products,1,434.59,434.59
302,116,29,Climate Smart Pack,Seeds,6,88.41,530.46
303,116,2,Organic Compost Mix,Soil treatment,5,42.11,210.55
304,117,9,Water Retention Granules,Pesticides,4,54.31,217.24
305,117,2,Organic Compost Mix,Soil treatment,5,42.11,210.55
306,117,25,Micro Elements Pack,Fertilizers,6,439.08,2634.48
307,117,21,Aphid Control Solution,Pesticides,1,122.98,122.98
308,118,14,Nitrogen Booster,Soil treatment,12,186.07,2232.84
309,118,29,Climate Smart Pack,Seeds,8,88.41,707.28
310,118,13,Potassium Booster,Fertilizers,7,143.54,1004.78
311,119,12,Humidity Control Spray,Fungicides,5,210.12,1050.6
312,119,30,Bio Stimulant Plus,Climate-adapted products,2,201.87,403.74
313,119,26,Crop Stress Reducer,Climate-adapted products,12,233.62,2803.44
314,119,17,Cereal Yield Enhancer,Soil treatment,7,197.73,1384.11
315,120,18,Palm Tree Fertilizer,Fungicides,6,215.47,1292.82
316,120,10,Soil PH Corrector,Fertilizers,2,209.25,418.5
317,121,15,Citrus Growth Formula,Seeds,7,175.8,1230.6
318,121,20,Greenhouse Pest Control,Fungicides,3,448.57,1345.71
319,121,23,Seed Germination Booster,Irrigation products,12,440.06,5280.72
320,122,20,Greenhouse Pest Control,Fungicides,11,448.57,4934.27
321,122,14,Nitrogen Booster,Soil treatment,1,186.07,186.07
322,122,9,Water Retention Granules,Pesticides,2,54.31,108.62
323,123,1,NPK Fertilizer 20-20-20,Fertilizers,10,449.96,4499.6
324,123,5,Olive Tree Nutrient Pack,Irrigation products,11,434.59,4780.49
325,124,25,Micro Elements Pack,Fertilizers,6,439.08,2634.48
326,124,21,Aphid Control Solution,Pesticides,6,122.98,737.88
327,125,22,Mildew Protection Spray,Climate-adapted products,6,318.32,1909.92
328,125,15,Citrus Growth Formula,Seeds,6,175.8,1054.8
329,126,13,Potassium Booster,Fertilizers,5,143.54,717.7
330,126,11,Drought Shield Bio,Fungicides,4,99.86,399.44
331,126,21,Aphid Control Solution,Pesticides,2,122.98,245.96
332,127,30,Bio Stimulant Plus,Climate-adapted products,5,201.87,1009.35
333,127,18,Palm Tree Fertilizer,Fungicides,12,215.47,2585.64
334,127,4,Wheat Seeds Resistant,Seeds,8,222.64,1781.12
335,127,9,Water Retention Granules,Pesticides,4,54.31,217.24
336,128,7,Copper Fungicide,Soil treatment,2,109.29,218.58
337,128,4,Wheat Seeds Resistant,Seeds,8,222.64,1781.12
338,128,5,Olive Tree Nutrient Pack,Irrigation products,3,434.59,1303.77
339,128,28,Soil Moisture Sensor,Fertilizers,12,195.3,2343.6
340,129,22,Mildew Protection Spray,Climate-adapted products,2,318.32,636.64
341,129,12,Humidity Control Spray,Fungicides,9,210.12,1891.08
342,129,23,Seed Germination Booster,Irrigation products,9,440.06,3960.54
343,130,26,Crop Stress Reducer,Climate-adapted products,9,233.62,2102.58
344,130,12,Humidity Control Spray,Fungicides,4,210.12,840.48
345,131,26,Crop Stress Reducer,Climate-adapted products,1,233.62,233.62
346,131,16,Vegetable Root Stimulator,Soil treatment,6,399.05,2394.3
347,132,20,Greenhouse Pest Control,Fungicides,2,448.57,897.14
348,132,29,Climate Smart Pack,Seeds,2,88.41,176.82
349,133,17,Cereal Yield Enhancer,Soil treatment,10,197.73,1977.3
350,133,14,Nitrogen Booster,Soil treatment,2,186.07,372.14
351,133,25,Micro Elements Pack,Fertilizers,3,439.08,1317.24
352,133,27,Irrigation Filter Pack,Fungicides,6,169.8,1018.8
353,134,5,Olive Tree Nutrient Pack,Irrigation products,9,434.59,3911.31
354,134,29,Climate Smart Pack,Seeds,11,88.41,972.51
355,134,27,Irrigation Filter Pack,Fungicides,10,169.8,1698.0
356,135,27,Irrigation Filter Pack,Fungicides,2,169.8,339.6
357,136,11,Drought Shield Bio,Fungicides,12,99.86,1198.32
358,136,30,Bio Stimulant Plus,Climate-adapted products,4,201.87,807.48
359,137,9,Water Retention Granules,Pesticides,4,54.31,217.24
360,138,20,Greenhouse Pest Control,Fungicides,9,448.57,4037.13
361,138,18,Palm Tree Fertilizer,Fungicides,11,215.47,2370.17
362,138,3,Tomato Seeds Premium,Irrigation products,3,89.76,269.28
363,139,27,Irrigation Filter Pack,Fungicides,1,169.8,169.8
364,139,30,Bio Stimulant Plus,Climate-adapted products,1,201.87,201.87
365,139,19,Salinity Control Product,Soil treatment,2,128.4,256.8
366,140,21,Aphid Control Solution,Pesticides,10,122.98,1229.8
367,140,7,Copper Fungicide,Soil treatment,7,109.29,765.03
368,140,25,Micro Elements Pack,Fertilizers,10,439.08,4390.8
369,141,21,Aphid Control Solution,Pesticides,4,122.98,491.92
370,141,10,Soil PH Corrector,Fertilizers,11,209.25,2301.75
371,141,16,Vegetable Root Stimulator,Soil treatment,7,399.05,2793.35
372,142,6,Anti-Fungal Treatment,Fertilizers,8,270.94,2167.52
373,143,20,Greenhouse Pest Control,Fungicides,12,448.57,5382.84
374,143,5,Olive Tree Nutrient Pack,Irrigation products,6,434.59,2607.54
375,143,11,Drought Shield Bio,Fungicides,12,99.86,1198.32
376,144,17,Cereal Yield Enhancer,Soil treatment,6,197.73,1186.38
377,144,18,Palm Tree Fertilizer,Fungicides,4,215.47,861.88
378,144,4,Wheat Seeds Resistant,Seeds,8,222.64,1781.12
379,145,4,Wheat Seeds Resistant,Seeds,5,222.64,1113.2
380,145,2,Organic Compost Mix,Soil treatment,7,42.11,294.77
381,146,27,Irrigation Filter Pack,Fungicides,10,169.8,1698.0
382,146,11,Drought Shield Bio,Fungicides,12,99.86,1198.32
383,147,17,Cereal Yield Enhancer,Soil treatment,5,197.73,988.65
384,147,15,Citrus Growth Formula,Seeds,8,175.8,1406.4
385,147,16,Vegetable Root Stimulator,Soil treatment,1,399.05,399.05
386,147,29,Climate Smart Pack,Seeds,2,88.41,176.82
387,148,7,Copper Fungicide,Soil treatment,6,109.29,655.74
388,148,19,Salinity Control Product,Soil treatment,1,128.4,128.4
389,149,10,Soil PH Corrector,Fertilizers,2,209.25,418.5
390,149,18,Palm Tree Fertilizer,Fungicides,7,215.47,1508.29
391,149,1,NPK Fertilizer 20-20-20,Fertilizers,3,449.96,1349.88
392,149,28,Soil Moisture Sensor,Fertilizers,5,195.3,976.5
393,150,2,Organic Compost Mix,Soil treatment,6,42.11,252.66
394,150,19,Salinity Control Product,Soil treatment,9,128.4,1155.6
395,150,18,Palm Tree Fertilizer,Fungicides,5,215.47,1077.35
396,150,7,Copper Fungicide,Soil treatment,2,109.29,218.58
397,151,27,Irrigation Filter Pack,Fungicides,10,169.8,1698.0
398,151,20,Greenhouse Pest Control,Fungicides,2,448.57,897.14
399,151,22,Mildew Protection Spray,Climate-adapted products,3,318.32,954.96
400,152,18,Palm Tree Fertilizer,Fungicides,3,215.47,646.41
401,152,12,Humidity Control Spray,Fungicides,4,210.12,840.48
402,152,25,Micro Elements Pack,Fertilizers,10,439.08,4390.8
403,153,2,Organic Compost Mix,Soil treatment,3,42.11,126.33
404,154,20,Greenhouse Pest Control,Fungicides,9,448.57,4037.13
405,154,29,Climate Smart Pack,Seeds,3,88.41,265.23
406,155,20,Greenhouse Pest Control,Fungicides,10,448.57,4485.7
407,155,24,Foliar Nutrition Mix,Pesticides,6,101.26,607.56
408,155,27,Irrigation Filter Pack,Fungicides,9,169.8,1528.2
409,155,10,Soil PH Corrector,Fertilizers,9,209.25,1883.25
410,156,16,Vegetable Root Stimulator,Soil treatment,6,399.05,2394.3
411,156,27,Irrigation Filter Pack,Fungicides,6,169.8,1018.8
412,156,1,NPK Fertilizer 20-20-20,Fertilizers,11,449.96,4949.56
413,157,20,Greenhouse Pest Control,Fungicides,8,448.57,3588.56
414,158,24,Foliar Nutrition Mix,Pesticides,10,101.26,1012.6
415,158,2,Organic Compost Mix,Soil treatment,8,42.11,336.88
416,159,5,Olive Tree Nutrient Pack,Irrigation products,1,434.59,434.59
417,159,27,Irrigation Filter Pack,Fungicides,10,169.8,1698.0
418,159,22,Mildew Protection Spray,Climate-adapted products,12,318.32,3819.84
419,159,8,Drip Irrigation Kit,Irrigation products,2,367.35,734.7
420,160,5,Olive Tree Nutrient Pack,Irrigation products,7,434.59,3042.13
421,160,14,Nitrogen Booster,Soil treatment,9,186.07,1674.63
422,160,23,Seed Germination Booster,Irrigation products,10,440.06,4400.6
423,160,7,Copper Fungicide,Soil treatment,8,109.29,874.32
424,161,18,Palm Tree Fertilizer,Fungicides,11,215.47,2370.17
425,161,11,Drought Shield Bio,Fungicides,8,99.86,798.88
426,162,15,Citrus Growth Formula,Seeds,9,175.8,1582.2
427,162,30,Bio Stimulant Plus,Climate-adapted products,6,201.87,1211.22
428,163,20,Greenhouse Pest Control,Fungicides,4,448.57,1794.28
429,163,16,Vegetable Root Stimulator,Soil treatment,5,399.05,1995.25
430,163,7,Copper Fungicide,Soil treatment,9,109.29,983.61
431,164,25,Micro Elements Pack,Fertilizers,4,439.08,1756.32
432,164,10,Soil PH Corrector,Fertilizers,12,209.25,2511.0
433,164,23,Seed Germination Booster,Irrigation products,12,440.06,5280.72
434,165,10,Soil PH Corrector,Fertilizers,11,209.25,2301.75
435,165,4,Wheat Seeds Resistant,Seeds,9,222.64,2003.76
436,165,19,Salinity Control Product,Soil treatment,7,128.4,898.8
437,166,10,Soil PH Corrector,Fertilizers,5,209.25,1046.25
438,166,2,Organic Compost Mix,Soil treatment,12,42.11,505.32
439,167,24,Foliar Nutrition Mix,Pesticides,4,101.26,405.04
440,167,16,Vegetable Root Stimulator,Soil treatment,9,399.05,3591.45
441,167,7,Copper Fungicide,Soil treatment,5,109.29,546.45
442,168,20,Greenhouse Pest Control,Fungicides,12,448.57,5382.84
443,169,21,Aphid Control Solution,Pesticides,1,122.98,122.98
444,169,8,Drip Irrigation Kit,Irrigation products,2,367.35,734.7
445,170,22,Mildew Protection Spray,Climate-adapted products,3,318.32,954.96
446,171,14,Nitrogen Booster,Soil treatment,8,186.07,1488.56
447,171,21,Aphid Control Solution,Pesticides,8,122.98,983.84
448,172,30,Bio Stimulant Plus,Climate-adapted products,2,201.87,403.74
449,173,30,Bio Stimulant Plus,Climate-adapted products,3,201.87,605.61
450,174,27,Irrigation Filter Pack,Fungicides,7,169.8,1188.6
451,175,29,Climate Smart Pack,Seeds,5,88.41,442.05
452,175,2,Organic Compost Mix,Soil treatment,10,42.11,421.1
453,175,1,NPK Fertilizer 20-20-20,Fertilizers,10,449.96,4499.6
454,176,29,Climate Smart Pack,Seeds,8,88.41,707.28
455,176,5,Olive Tree Nutrient Pack,Irrigation products,5,434.59,2172.95
456,176,28,Soil Moisture Sensor,Fertilizers,4,195.3,781.2
457,176,17,Cereal Yield Enhancer,Soil treatment,2,197.73,395.46
458,177,23,Seed Germination Booster,Irrigation products,12,440.06,5280.72
459,177,6,Anti-Fungal Treatment,Fertilizers,6,270.94,1625.64
460,177,1,NPK Fertilizer 20-20-20,Fertilizers,5,449.96,2249.8
461,178,20,Greenhouse Pest Control,Fungicides,11,448.57,4934.27
462,178,28,Soil Moisture Sensor,Fertilizers,7,195.3,1367.1
463,179,22,Mildew Protection Spray,Climate-adapted products,8,318.32,2546.56
464,179,4,Wheat Seeds Resistant,Seeds,6,222.64,1335.84
465,179,6,Anti-Fungal Treatment,Fertilizers,4,270.94,1083.76
466,179,5,Olive Tree Nutrient Pack,Irrigation products,1,434.59,434.59
467,180,11,Drought Shield Bio,Fungicides,12,99.86,1198.32
468,180,10,Soil PH Corrector,Fertilizers,10,209.25,2092.5
469,180,19,Salinity Control Product,Soil treatment,1,128.4,128.4
470,181,2,Organic Compost Mix,Soil treatment,2,42.11,84.22
471,181,22,Mildew Protection Spray,Climate-adapted products,8,318.32,2546.56
472,182,23,Seed Germination Booster,Irrigation products,5,440.06,2200.3
473,182,4,Wheat Seeds Resistant,Seeds,6,222.64,1335.84
474,182,21,Aphid Control Solution,Pesticides,10,122.98,1229.8
475,183,5,Olive Tree Nutrient Pack,Irrigation products,6,434.59,2607.54
476,183,15,Citrus Growth Formula,Seeds,7,175.8,1230.6
477,183,24,Foliar Nutrition Mix,Pesticides,12,101.26,1215.12
478,183,20,Greenhouse Pest Control,Fungicides,9,448.57,4037.13
479,184,25,Micro Elements Pack,Fertilizers,11,439.08,4829.88
480,184,8,Drip Irrigation Kit,Irrigation products,10,367.35,3673.5
481,185,3,Tomato Seeds Premium,Irrigation products,2,89.76,179.52
482,185,30,Bio Stimulant Plus,Climate-adapted products,1,201.87,201.87
483,185,19,Salinity Control Product,Soil treatment,9,128.4,1155.6
484,186,6,Anti-Fungal Treatment,Fertilizers,9,270.94,2438.46
485,186,11,Drought Shield Bio,Fungicides,8,99.86,798.88
486,187,3,Tomato Seeds Premium,Irrigation products,1,89.76,89.76
487,187,29,Climate Smart Pack,Seeds,8,88.41,707.28
488,187,17,Cereal Yield Enhancer,Soil treatment,3,197.73,593.19
489,187,15,Citrus Growth Formula,Seeds,9,175.8,1582.2
490,188,22,Mildew Protection Spray,Climate-adapted products,1,318.32,318.32
491,188,26,Crop Stress Reducer,Climate-adapted products,7,233.62,1635.34
492,188,10,Soil PH Corrector,Fertilizers,5,209.25,1046.25
493,188,24,Foliar Nutrition Mix,Pesticides,1,101.26,101.26
494,189,12,Humidity Control Spray,Fungicides,1,210.12,210.12
495,189,23,Seed Germination Booster,Irrigation products,2,440.06,880.12
496,189,3,Tomato Seeds Premium,Irrigation products,8,89.76,718.08
497,189,18,Palm Tree Fertilizer,Fungicides,1,215.47,215.47
498,190,25,Micro Elements Pack,Fertilizers,12,439.08,5268.96
499,190,21,Aphid Control Solution,Pesticides,11,122.98,1352.78
500,191,15,Citrus Growth Formula,Seeds,7,175.8,1230.6
501,191,28,Soil Moisture Sensor,Fertilizers,2,195.3,390.6
502,191,30,Bio Stimulant Plus,Climate-adapted products,11,201.87,2220.57
503,191,13,Potassium Booster,Fertilizers,11,143.54,1578.94
504,192,4,Wheat Seeds Resistant,Seeds,7,222.64,1558.48
505,192,6,Anti-Fungal Treatment,Fertilizers,9,270.94,2438.46
506,192,18,Palm Tree Fertilizer,Fungicides,3,215.47,646.41
507,193,15,Citrus Growth Formula,Seeds,9,175.8,1582.2
508,193,22,Mildew Protection Spray,Climate-adapted products,7,318.32,2228.24
509,193,24,Foliar Nutrition Mix,Pesticides,9,101.26,911.34
510,194,5,Olive Tree Nutrient Pack,Irrigation products,12,434.59,5215.08
511,194,9,Water Retention Granules,Pesticides,2,54.31,108.62
512,194,7,Copper Fungicide,Soil treatment,1,109.29,109.29
513,195,8,Drip Irrigation Kit,Irrigation products,4,367.35,1469.4
514,196,20,Greenhouse Pest Control,Fungicides,1,448.57,448.57
515,196,22,Mildew Protection Spray,Climate-adapted products,4,318.32,1273.28
516,196,23,Seed Germination Booster,Irrigation products,12,440.06,5280.72
517,196,28,Soil Moisture Sensor,Fertilizers,1,195.3,195.3
518,197,25,Micro Elements Pack,Fertilizers,1,439.08,439.08
519,197,28,Soil Moisture Sensor,Fertilizers,3,195.3,585.9
520,198,19,Salinity Control Product,Soil treatment,11,128.4,1412.4
521,198,20,Greenhouse Pest Control,Fungicides,6,448.57,2691.42
522,198,25,Micro Elements Pack,Fertilizers,4,439.08,1756.32
523,199,14,Nitrogen Booster,Soil treatment,5,186.07,930.35
524,199,10,Soil PH Corrector,Fertilizers,1,209.25,209.25
525,200,21,Aphid Control Solution,Pesticides,7,122.98,860.86
526,200,22,Mildew Protection Spray,Climate-adapted products,9,318.32,2864.88
527,201,26,Crop Stress Reducer,Climate-adapted products,7,233.62,1635.34
528,201,17,Cereal Yield Enhancer,Soil treatment,7,197.73,1384.11
529,201,11,Drought Shield Bio,Fungicides,3,99.86,299.58
530,201,23,Seed Germination Booster,Irrigation products,5,440.06,2200.3
531,202,8,Drip Irrigation Kit,Irrigation products,3,367.35,1102.05
532,202,28,Soil Moisture Sensor,Fertilizers,8,195.3,1562.4
533,202,10,Soil PH Corrector,Fertilizers,1,209.25,209.25
534,202,23,Seed Germination Booster,Irrigation products,9,440.06,3960.54
535,203,13,Potassium Booster,Fertilizers,5,143.54,717.7
536,203,8,Drip Irrigation Kit,Irrigation products,4,367.35,1469.4
537,204,28,Soil Moisture Sensor,Fertilizers,12,195.3,2343.6
538,204,12,Humidity Control Spray,Fungicides,4,210.12,840.48
539,204,3,Tomato Seeds Premium,Irrigation products,1,89.76,89.76
540,204,18,Palm Tree Fertilizer,Fungicides,5,215.47,1077.35
541,205,28,Soil Moisture Sensor,Fertilizers,2,195.3,390.6
542,206,16,Vegetable Root Stimulator,Soil treatment,6,399.05,2394.3
543,206,7,Copper Fungicide,Soil treatment,5,109.29,546.45
544,207,24,Foliar Nutrition Mix,Pesticides,8,101.26,810.08
545,208,13,Potassium Booster,Fertilizers,4,143.54,574.16
546,208,30,Bio Stimulant Plus,Climate-adapted products,9,201.87,1816.83
547,209,10,Soil PH Corrector,Fertilizers,9,209.25,1883.25
548,209,9,Water Retention Granules,Pesticides,8,54.31,434.48
549,209,12,Humidity Control Spray,Fungicides,8,210.12,1680.96
550,210,30,Bio Stimulant Plus,Climate-adapted products,6,201.87,1211.22
551,210,7,Copper Fungicide,Soil treatment,7,109.29,765.03
552,210,12,Humidity Control Spray,Fungicides,1,210.12,210.12
553,211,9,Water Retention Granules,Pesticides,9,54.31,488.79
554,212,5,Olive Tree Nutrient Pack,Irrigation products,4,434.59,1738.36
555,212,7,Copper Fungicide,Soil treatment,7,109.29,765.03
556,212,11,Drought Shield Bio,Fungicides,10,99.86,998.6
557,213,9,Water Retention Granules,Pesticides,8,54.31,434.48
558,213,25,Micro Elements Pack,Fertilizers,12,439.08,5268.96
559,213,27,Irrigation Filter Pack,Fungicides,11,169.8,1867.8
560,214,6,Anti-Fungal Treatment,Fertilizers,9,270.94,2438.46
561,214,5,Olive Tree Nutrient Pack,Irrigation products,8,434.59,3476.72
562,214,24,Foliar Nutrition Mix,Pesticides,3,101.26,303.78
563,215,27,Irrigation Filter Pack,Fungicides,2,169.8,339.6
564,216,3,Tomato Seeds Premium,Irrigation products,3,89.76,269.28
565,216,23,Seed Germination Booster,Irrigation products,1,440.06,440.06
566,217,20,Greenhouse Pest Control,Fungicides,11,448.57,4934.27
567,218,1,NPK Fertilizer 20-20-20,Fertilizers,9,449.96,4049.64
568,219,18,Palm Tree Fertilizer,Fungicides,9,215.47,1939.23
569,219,10,Soil PH Corrector,Fertilizers,12,209.25,2511.0
570,219,1,NPK Fertilizer 20-20-20,Fertilizers,11,449.96,4949.56
571,220,17,Cereal Yield Enhancer,Soil treatment,3,197.73,593.19
572,221,27,Irrigation Filter Pack,Fungicides,7,169.8,1188.6
573,221,12,Humidity Control Spray,Fungicides,2,210.12,420.24
574,221,9,Water Retention Granules,Pesticides,6,54.31,325.86
575,222,10,Soil PH Corrector,Fertilizers,2,209.25,418.5
576,222,22,Mildew Protection Spray,Climate-adapted products,11,318.32,3501.52
577,223,18,Palm Tree Fertilizer,Fungicides,1,215.47,215.47
578,223,16,Vegetable Root Stimulator,Soil treatment,12,399.05,4788.6
579,223,2,Organic Compost Mix,Soil treatment,3,42.11,126.33
580,223,21,Aphid Control Solution,Pesticides,2,122.98,245.96
581,224,19,Salinity Control Product,Soil treatment,9,128.4,1155.6
582,224,28,Soil Moisture Sensor,Fertilizers,1,195.3,195.3
583,224,4,Wheat Seeds Resistant,Seeds,4,222.64,890.56
584,225,9,Water Retention Granules,Pesticides,11,54.31,597.41
585,225,2,Organic Compost Mix,Soil treatment,5,42.11,210.55
586,225,30,Bio Stimulant Plus,Climate-adapted products,9,201.87,1816.83
587,225,3,Tomato Seeds Premium,Irrigation products,10,89.76,897.6
588,226,1,NPK Fertilizer 20-20-20,Fertilizers,3,449.96,1349.88
589,226,7,Copper Fungicide,Soil treatment,12,109.29,1311.48
590,226,19,Salinity Control Product,Soil treatment,7,128.4,898.8
591,227,19,Salinity Control Product,Soil treatment,7,128.4,898.8
592,227,27,Irrigation Filter Pack,Fungicides,11,169.8,1867.8
593,228,26,Crop Stress Reducer,Climate-adapted products,12,233.62,2803.44
594,228,23,Seed Germination Booster,Irrigation products,2,440.06,880.12
595,229,8,Drip Irrigation Kit,Irrigation products,10,367.35,3673.5
596,229,27,Irrigation Filter Pack,Fungicides,10,169.8,1698.0
597,229,3,Tomato Seeds Premium,Irrigation products,10,89.76,897.6
598,229,11,Drought Shield Bio,Fungicides,7,99.86,699.02
599,230,16,Vegetable Root Stimulator,Soil treatment,7,399.05,2793.35
600,230,8,Drip Irrigation Kit,Irrigation products,7,367.35,2571.45
601,230,12,Humidity Control Spray,Fungicides,3,210.12,630.36
602,230,18,Palm Tree Fertilizer,Fungicides,11,215.47,2370.17
603,231,26,Crop Stress Reducer,Climate-adapted products,2,233.62,467.24
604,231,8,Drip Irrigation Kit,Irrigation products,2,367.35,734.7
605,231,23,Seed Germination Booster,Irrigation products,5,440.06,2200.3
606,232,24,Foliar Nutrition Mix,Pesticides,6,101.26,607.56
607,232,13,Potassium Booster,Fertilizers,6,143.54,861.24
608,233,15,Citrus Growth Formula,Seeds,5,175.8,879.0
609,233,12,Humidity Control Spray,Fungicides,2,210.12,420.24
610,233,25,Micro Elements Pack,Fertilizers,3,439.08,1317.24
611,234,4,Wheat Seeds Resistant,Seeds,9,222.64,2003.76
612,234,1,NPK Fertilizer 20-20-20,Fertilizers,2,449.96,899.92
613,234,3,Tomato Seeds Premium,Irrigation products,10,89.76,897.6
614,234,12,Humidity Control Spray,Fungicides,10,210.12,2101.2
615,235,13,Potassium Booster,Fertilizers,9,143.54,1291.86
616,235,25,Micro Elements Pack,Fertilizers,4,439.08,1756.32
617,235,3,Tomato Seeds Premium,Irrigation products,10,89.76,897.6
618,235,24,Foliar Nutrition Mix,Pesticides,9,101.26,911.34
619,236,9,Water Retention Granules,Pesticides,5,54.31,271.55
620,236,10,Soil PH Corrector,Fertilizers,8,209.25,1674.0
621,237,14,Nitrogen Booster,Soil treatment,2,186.07,372.14
622,237,10,Soil PH Corrector,Fertilizers,6,209.25,1255.5
623,237,16,Vegetable Root Stimulator,Soil treatment,5,399.05,1995.25
624,238,15,Citrus Growth Formula,Seeds,3,175.8,527.4
625,238,4,Wheat Seeds Resistant,Seeds,5,222.64,1113.2
626,239,26,Crop Stress Reducer,Climate-adapted products,6,233.62,1401.72
627,239,28,Soil Moisture Sensor,Fertilizers,7,195.3,1367.1
628,239,11,Drought Shield Bio,Fungicides,11,99.86,1098.46
629,239,15,Citrus Growth Formula,Seeds,10,175.8,1758.0
630,240,16,Vegetable Root Stimulator,Soil treatment,3,399.05,1197.15
631,240,11,Drought Shield Bio,Fungicides,7,99.86,699.02
632,241,19,Salinity Control Product,Soil treatment,7,128.4,898.8
633,241,26,Crop Stress Reducer,Climate-adapted products,5,233.62,1168.1
634,241,8,Drip Irrigation Kit,Irrigation products,7,367.35,2571.45
635,241,11,Drought Shield Bio,Fungicides,6,99.86,599.16
636,242,22,Mildew Protection Spray,Climate-adapted products,9,318.32,2864.88
637,242,25,Micro Elements Pack,Fertilizers,1,439.08,439.08
638,243,27,Irrigation Filter Pack,Fungicides,7,169.8,1188.6
639,243,23,Seed Germination Booster,Irrigation products,11,440.06,4840.66
640,243,3,Tomato Seeds Premium,Irrigation products,8,89.76,718.08
641,244,22,Mildew Protection Spray,Climate-adapted products,7,318.32,2228.24
642,244,5,Olive Tree Nutrient Pack,Irrigation products,7,434.59,3042.13
643,244,23,Seed Germination Booster,Irrigation products,2,440.06,880.12
644,245,18,Palm Tree Fertilizer,Fungicides,12,215.47,2585.64
645,245,17,Cereal Yield Enhancer,Soil treatment,7,197.73,1384.11
646,245,30,Bio Stimulant Plus,Climate-adapted products,9,201.87,1816.83
647,245,28,Soil Moisture Sensor,Fertilizers,1,195.3,195.3
648,246,4,Wheat Seeds Resistant,Seeds,4,222.64,890.56
649,247,19,Salinity Control Product,Soil treatment,11,128.4,1412.4
650,248,4,Wheat Seeds Resistant,Seeds,9,222.64,2003.76
651,248,1,NPK Fertilizer 20-20-20,Fertilizers,12,449.96,5399.52
652,248,9,Water Retention Granules,Pesticides,9,54.31,488.79
653,248,8,Drip Irrigation Kit,Irrigation products,9,367.35,3306.15
654,249,12,Humidity Control Spray,Fungicides,11,210.12,2311.32
655,249,13,Potassium Booster,Fertilizers,10,143.54,1435.4
656,249,15,Citrus Growth Formula,Seeds,12,175.8,2109.6
657,249,25,Micro Elements Pack,Fertilizers,9,439.08,3951.72
658,250,4,Wheat Seeds Resistant,Seeds,2,222.64,445.28
659,250,10,Soil PH Corrector,Fertilizers,2,209.25,418.5
660,250,14,Nitrogen Booster,Soil treatment,12,186.07,2232.84
661,250,30,Bio Stimulant Plus,Climate-adapted products,3,201.87,605.61
662,251,17,Cereal Yield Enhancer,Soil treatment,6,197.73,1186.38
663,251,16,Vegetable Root Stimulator,Soil treatment,8,399.05,3192.4
664,252,11,Drought Shield Bio,Fungicides,12,99.86,1198.32
665,252,3,Tomato Seeds Premium,Irrigation products,2,89.76,179.52
666,252,10,Soil PH Corrector,Fertilizers,1,209.25,209.25
667,252,2,Organic Compost Mix,Soil treatment,6,42.11,252.66
668,253,17,Cereal Yield Enhancer,Soil treatment,9,197.73,1779.57
669,253,6,Anti-Fungal Treatment,Fertilizers,3,270.94,812.82
670,254,8,Drip Irrigation Kit,Irrigation products,3,367.35,1102.05
671,254,26,Crop Stress Reducer,Climate-adapted products,3,233.62,700.86
672,254,13,Potassium Booster,Fertilizers,11,143.54,1578.94
673,254,21,Aphid Control Solution,Pesticides,11,122.98,1352.78
674,255,15,Citrus Growth Formula,Seeds,7,175.8,1230.6
675,255,19,Salinity Control Product,Soil treatment,7,128.4,898.8
676,256,25,Micro Elements Pack,Fertilizers,2,439.08,878.16
677,256,23,Seed Germination Booster,Irrigation products,10,440.06,4400.6
678,256,26,Crop Stress Reducer,Climate-adapted products,2,233.62,467.24
679,257,15,Citrus Growth Formula,Seeds,5,175.8,879.0
680,257,4,Wheat Seeds Resistant,Seeds,11,222.64,2449.04
681,258,20,Greenhouse Pest Control,Fungicides,2,448.57,897.14
682,258,13,Potassium Booster,Fertilizers,6,143.54,861.24
683,258,19,Salinity Control Product,Soil treatment,6,128.4,770.4
684,259,30,Bio Stimulant Plus,Climate-adapted products,2,201.87,403.74
685,259,20,Greenhouse Pest Control,Fungicides,11,448.57,4934.27
686,259,19,Salinity Control Product,Soil treatment,3,128.4,385.2
687,260,6,Anti-Fungal Treatment,Fertilizers,6,270.94,1625.64
688,261,19,Salinity Control Product,Soil treatment,7,128.4,898.8
689,261,13,Potassium Booster,Fertilizers,3,143.54,430.62
690,262,18,Palm Tree Fertilizer,Fungicides,8,215.47,1723.76
691,262,6,Anti-Fungal Treatment,Fertilizers,5,270.94,1354.7
692,263,20,Greenhouse Pest Control,Fungicides,1,448.57,448.57
693,263,2,Organic Compost Mix,Soil treatment,8,42.11,336.88
694,263,28,Soil Moisture Sensor,Fertilizers,3,195.3,585.9
695,263,12,Humidity Control Spray,Fungicides,4,210.12,840.48
696,264,14,Nitrogen Booster,Soil treatment,8,186.07,1488.56
697,264,22,Mildew Protection Spray,Climate-adapted products,8,318.32,2546.56
698,264,16,Vegetable Root Stimulator,Soil treatment,3,399.05,1197.15
699,264,23,Seed Germination Booster,Irrigation products,2,440.06,880.12
700,265,10,Soil PH Corrector,Fertilizers,5,209.25,1046.25
701,265,2,Organic Compost Mix,Soil treatment,4,42.11,168.44
702,266,19,Salinity Control Product,Soil treatment,9,128.4,1155.6
703,266,24,Foliar Nutrition Mix,Pesticides,9,101.26,911.34
704,266,25,Micro Elements Pack,Fertilizers,2,439.08,878.16
705,266,16,Vegetable Root Stimulator,Soil treatment,10,399.05,3990.5
706,267,18,Palm Tree Fertilizer,Fungicides,1,215.47,215.47
707,267,27,Irrigation Filter Pack,Fungicides,12,169.8,2037.6
708,267,25,Micro Elements Pack,Fertilizers,8,439.08,3512.64
709,268,24,Foliar Nutrition Mix,Pesticides,11,101.26,1113.86
710,269,15,Citrus Growth Formula,Seeds,5,175.8,879.0
711,270,25,Micro Elements Pack,Fertilizers,4,439.08,1756.32
712,271,6,Anti-Fungal Treatment,Fertilizers,4,270.94,1083.76
713,271,20,Greenhouse Pest Control,Fungicides,4,448.57,1794.28
714,271,5,Olive Tree Nutrient Pack,Irrigation products,1,434.59,434.59
715,271,26,Crop Stress Reducer,Climate-adapted products,10,233.62,2336.2
716,272,11,Drought Shield Bio,Fungicides,5,99.86,499.3
717,272,23,Seed Germination Booster,Irrigation products,5,440.06,2200.3
718,273,5,Olive Tree Nutrient Pack,Irrigation products,7,434.59,3042.13
719,274,23,Seed Germination Booster,Irrigation products,3,440.06,1320.18
720,274,28,Soil Moisture Sensor,Fertilizers,4,195.3,781.2
721,275,25,Micro Elements Pack,Fertilizers,11,439.08,4829.88
722,275,27,Irrigation Filter Pack,Fungicides,7,169.8,1188.6
723,276,21,Aphid Control Solution,Pesticides,8,122.98,983.84
724,276,14,Nitrogen Booster,Soil treatment,2,186.07,372.14
725,276,13,Potassium Booster,Fertilizers,11,143.54,1578.94
726,277,23,Seed Germination Booster,Irrigation products,6,440.06,2640.36
727,277,30,Bio Stimulant Plus,Climate-adapted products,8,201.87,1614.96
728,277,29,Climate Smart Pack,Seeds,8,88.41,707.28
729,278,24,Foliar Nutrition Mix,Pesticides,8,101.26,810.08
730,279,7,Copper Fungicide,Soil treatment,5,109.29,546.45
731,279,14,Nitrogen Booster,Soil treatment,6,186.07,1116.42
732,279,27,Irrigation Filter Pack,Fungicides,5,169.8,849.0
733,279,16,Vegetable Root Stimulator,Soil treatment,6,399.05,2394.3
734,280,26,Crop Stress Reducer,Climate-adapted products,1,233.62,233.62
735,280,11,Drought Shield Bio,Fungicides,1,99.86,99.86
736,280,29,Climate Smart Pack,Seeds,2,88.41,176.82
737,280,22,Mildew Protection Spray,Climate-adapted products,11,318.32,3501.52
738,281,15,Citrus Growth Formula,Seeds,7,175.8,1230.6
739,281,1,NPK Fertilizer 20-20-20,Fertilizers,4,449.96,1799.84
740,282,3,Tomato Seeds Premium,Irrigation products,5,89.76,448.8
741,282,21,Aphid Control Solution,Pesticides,2,122.98,245.96
742,282,12,Humidity Control Spray,Fungicides,6,210.12,1260.72
743,283,24,Foliar Nutrition Mix,Pesticides,4,101.26,405.04
744,283,23,Seed Germination Booster,Irrigation products,7,440.06,3080.42
745,283,25,Micro Elements Pack,Fertilizers,11,439.08,4829.88
746,284,16,Vegetable Root Stimulator,Soil treatment,3,399.05,1197.15
747,284,3,Tomato Seeds Premium,Irrigation products,10,89.76,897.6
748,285,1,NPK Fertilizer 20-20-20,Fertilizers,12,449.96,5399.52
749,286,23,Seed Germination Booster,Irrigation products,4,440.06,1760.24
750,286,5,Olive Tree Nutrient Pack,Irrigation products,7,434.59,3042.13
751,286,16,Vegetable Root Stimulator,Soil treatment,2,399.05,798.1
752,286,3,Tomato Seeds Premium,Irrigation products,12,89.76,1077.12
753,287,5,Olive Tree Nutrient Pack,Irrigation products,3,434.59,1303.77
754,287,13,Potassium Booster,Fertilizers,11,143.54,1578.94
755,287,25,Micro Elements Pack,Fertilizers,11,439.08,4829.88
756,288,20,Greenhouse Pest Control,Fungicides,11,448.57,4934.27
757,289,21,Aphid Control Solution,Pesticides,3,122.98,368.94
758,289,24,Foliar Nutrition Mix,Pesticides,7,101.26,708.82
759,290,3,Tomato Seeds Premium,Irrigation products,2,89.76,179.52
760,290,29,Climate Smart Pack,Seeds,3,88.41,265.23
761,291,14,Nitrogen Booster,Soil treatment,3,186.07,558.21
762,291,11,Drought Shield Bio,Fungicides,4,99.86,399.44
763,291,26,Crop Stress Reducer,Climate-adapted products,5,233.62,1168.1
764,292,25,Micro Elements Pack,Fertilizers,11,439.08,4829.88
765,292,23,Seed Germination Booster,Irrigation products,5,440.06,2200.3
766,292,1,NPK Fertilizer 20-20-20,Fertilizers,4,449.96,1799.84
767,293,10,Soil PH Corrector,Fertilizers,4,209.25,837.0
768,293,21,Aphid Control Solution,Pesticides,8,122.98,983.84
769,293,2,Organic Compost Mix,Soil treatment,7,42.11,294.77
770,293,26,Crop Stress Reducer,Climate-adapted products,2,233.62,467.24
771,294,17,Cereal Yield Enhancer,Soil treatment,1,197.73,197.73
772,295,12,Humidity Control Spray,Fungicides,8,210.12,1680.96
773,295,18,Palm Tree Fertilizer,Fungicides,2,215.47,430.94
774,295,22,Mildew Protection Spray,Climate-adapted products,1,318.32,318.32
775,295,6,Anti-Fungal Treatment,Fertilizers,10,270.94,2709.4
776,296,30,Bio Stimulant Plus,Climate-adapted products,1,201.87,201.87
777,297,14,Nitrogen Booster,Soil treatment,11,186.07,2046.77
778,297,23,Seed Germination Booster,Irrigation products,9,440.06,3960.54
779,297,13,Potassium Booster,Fertilizers,9,143.54,1291.86
780,297,3,Tomato Seeds Premium,Irrigation products,10,89.76,897.6
781,298,17,Cereal Yield Enhancer,Soil treatment,4,197.73,790.92
782,299,10,Soil PH Corrector,Fertilizers,12,209.25,2511.0
783,300,30,Bio Stimulant Plus,Climate-adapted products,7,201.87,1413.09
784,301,10,Soil PH Corrector,Fertilizers,11,209.25,2301.75
785,302,23,Seed Germination Booster,Irrigation products,3,440.06,1320.18
786,302,1,NPK Fertilizer 20-20-20,Fertilizers,8,449.96,3599.68
787,303,6,Anti-Fungal Treatment,Fertilizers,12,270.94,3251.28
788,303,12,Humidity Control Spray,Fungicides,5,210.12,1050.6
789,303,5,Olive Tree Nutrient Pack,Irrigation products,12,434.59,5215.08
790,304,9,Water Retention Granules,Pesticides,10,54.31,543.1
791,304,17,Cereal Yield Enhancer,Soil treatment,11,197.73,2175.03
792,304,3,Tomato Seeds Premium,Irrigation products,2,89.76,179.52
793,304,23,Seed Germination Booster,Irrigation products,8,440.06,3520.48
794,305,28,Soil Moisture Sensor,Fertilizers,3,195.3,585.9
795,305,19,Salinity Control Product,Soil treatment,5,128.4,642.0
796,305,6,Anti-Fungal Treatment,Fertilizers,2,270.94,541.88
797,305,12,Humidity Control Spray,Fungicides,10,210.12,2101.2
798,306,2,Organic Compost Mix,Soil treatment,1,42.11,42.11
799,307,30,Bio Stimulant Plus,Climate-adapted products,1,201.87,201.87
800,307,5,Olive Tree Nutrient Pack,Irrigation products,9,434.59,3911.31
801,307,6,Anti-Fungal Treatment,Fertilizers,12,270.94,3251.28
802,307,28,Soil Moisture Sensor,Fertilizers,12,195.3,2343.6
803,308,30,Bio Stimulant Plus,Climate-adapted products,2,201.87,403.74
804,308,24,Foliar Nutrition Mix,Pesticides,10,101.26,1012.6
805,308,11,Drought Shield Bio,Fungicides,6,99.86,599.16
806,308,9,Water Retention Granules,Pesticides,2,54.31,108.62
807,309,8,Drip Irrigation Kit,Irrigation products,9,367.35,3306.15
808,309,26,Crop Stress Reducer,Climate-adapted products,1,233.62,233.62
809,310,25,Micro Elements Pack,Fertilizers,6,439.08,2634.48
810,310,28,Soil Moisture Sensor,Fertilizers,2,195.3,390.6
811,310,10,Soil PH Corrector,Fertilizers,9,209.25,1883.25
812,311,19,Salinity Control Product,Soil treatment,12,128.4,1540.8
813,311,26,Crop Stress Reducer,Climate-adapted products,10,233.62,2336.2
814,311,10,Soil PH Corrector,Fertilizers,4,209.25,837.0
815,312,25,Micro Elements Pack,Fertilizers,9,439.08,3951.72
816,312,7,Copper Fungicide,Soil treatment,4,109.29,437.16
817,312,24,Foliar Nutrition Mix,Pesticides,3,101.26,303.78
818,312,29,Climate Smart Pack,Seeds,1,88.41,88.41
819,313,21,Aphid Control Solution,Pesticides,1,122.98,122.98
820,313,27,Irrigation Filter Pack,Fungicides,6,169.8,1018.8
821,313,23,Seed Germination Booster,Irrigation products,1,440.06,440.06
822,314,14,Nitrogen Booster,Soil treatment,1,186.07,186.07
823,314,16,Vegetable Root Stimulator,Soil treatment,3,399.05,1197.15
824,315,29,Climate Smart Pack,Seeds,9,88.41,795.69
825,315,28,Soil Moisture Sensor,Fertilizers,7,195.3,1367.1
826,316,19,Salinity Control Product,Soil treatment,2,128.4,256.8
827,317,3,Tomato Seeds Premium,Irrigation products,11,89.76,987.36
828,317,19,Salinity Control Product,Soil treatment,3,128.4,385.2
829,317,2,Organic Compost Mix,Soil treatment,4,42.11,168.44
830,317,14,Nitrogen Booster,Soil treatment,5,186.07,930.35
831,318,23,Seed Germination Booster,Irrigation products,6,440.06,2640.36
832,318,27,Irrigation Filter Pack,Fungicides,8,169.8,1358.4
833,318,24,Foliar Nutrition Mix,Pesticides,5,101.26,506.3
834,318,11,Drought Shield Bio,Fungicides,4,99.86,399.44
835,319,5,Olive Tree Nutrient Pack,Irrigation products,2,434.59,869.18
836,320,4,Wheat Seeds Resistant,Seeds,4,222.64,890.56
837,320,18,Palm Tree Fertilizer,Fungicides,8,215.47,1723.76
838,320,12,Humidity Control Spray,Fungicides,5,210.12,1050.6
839,320,25,Micro Elements Pack,Fertilizers,8,439.08,3512.64
840,321,27,Irrigation Filter Pack,Fungicides,1,169.8,169.8
841,321,23,Seed Germination Booster,Irrigation products,4,440.06,1760.24
842,321,20,Greenhouse Pest Control,Fungicides,6,448.57,2691.42
843,322,13,Potassium Booster,Fertilizers,11,143.54,1578.94
844,322,17,Cereal Yield Enhancer,Soil treatment,5,197.73,988.65
845,322,2,Organic Compost Mix,Soil treatment,5,42.11,210.55
846,323,18,Palm Tree Fertilizer,Fungicides,8,215.47,1723.76
847,323,24,Foliar Nutrition Mix,Pesticides,2,101.26,202.52
848,323,8,Drip Irrigation Kit,Irrigation products,3,367.35,1102.05
849,323,4,Wheat Seeds Resistant,Seeds,2,222.64,445.28
850,324,5,Olive Tree Nutrient Pack,Irrigation products,7,434.59,3042.13
851,324,7,Copper Fungicide,Soil treatment,6,109.29,655.74
852,325,1,NPK Fertilizer 20-20-20,Fertilizers,2,449.96,899.92
853,326,3,Tomato Seeds Premium,Irrigation products,6,89.76,538.56
854,326,29,Climate Smart Pack,Seeds,2,88.41,176.82
855,327,27,Irrigation Filter Pack,Fungicides,1,169.8,169.8
856,327,24,Foliar Nutrition Mix,Pesticides,7,101.26,708.82
857,327,13,Potassium Booster,Fertilizers,11,143.54,1578.94
858,327,16,Vegetable Root Stimulator,Soil treatment,7,399.05,2793.35
859,328,9,Water Retention Granules,Pesticides,3,54.31,162.93
860,328,15,Citrus Growth Formula,Seeds,1,175.8,175.8
861,329,16,Vegetable Root Stimulator,Soil treatment,9,399.05,3591.45
862,329,14,Nitrogen Booster,Soil treatment,8,186.07,1488.56
863,329,29,Climate Smart Pack,Seeds,1,88.41,88.41
864,330,7,Copper Fungicide,Soil treatment,9,109.29,983.61
865,330,21,Aphid Control Solution,Pesticides,4,122.98,491.92
866,330,29,Climate Smart Pack,Seeds,11,88.41,972.51
867,330,26,Crop Stress Reducer,Climate-adapted products,9,233.62,2102.58
868,331,16,Vegetable Root Stimulator,Soil treatment,8,399.05,3192.4
869,331,18,Palm Tree Fertilizer,Fungicides,6,215.47,1292.82
870,331,26,Crop Stress Reducer,Climate-adapted products,10,233.62,2336.2
871,332,1,NPK Fertilizer 20-20-20,Fertilizers,10,449.96,4499.6
872,332,11,Drought Shield Bio,Fungicides,4,99.86,399.44
873,333,17,Cereal Yield Enhancer,Soil treatment,4,197.73,790.92
874,333,12,Humidity Control Spray,Fungicides,3,210.12,630.36
875,333,25,Micro Elements Pack,Fertilizers,2,439.08,878.16
876,333,19,Salinity Control Product,Soil treatment,4,128.4,513.6
877,334,25,Micro Elements Pack,Fertilizers,4,439.08,1756.32
878,335,6,Anti-Fungal Treatment,Fertilizers,10,270.94,2709.4
879,335,8,Drip Irrigation Kit,Irrigation products,6,367.35,2204.1
880,336,19,Salinity Control Product,Soil treatment,8,128.4,1027.2
881,336,5,Olive Tree Nutrient Pack,Irrigation products,9,434.59,3911.31
882,336,7,Copper Fungicide,Soil treatment,5,109.29,546.45
883,337,8,Drip Irrigation Kit,Irrigation products,10,367.35,3673.5
884,338,11,Drought Shield Bio,Fungicides,10,99.86,998.6
885,339,30,Bio Stimulant Plus,Climate-adapted products,6,201.87,1211.22
886,339,26,Crop Stress Reducer,Climate-adapted products,1,233.62,233.62
887,340,25,Micro Elements Pack,Fertilizers,9,439.08,3951.72
888,340,4,Wheat Seeds Resistant,Seeds,6,222.64,1335.84
889,341,19,Salinity Control Product,Soil treatment,6,128.4,770.4
890,341,4,Wheat Seeds Resistant,Seeds,3,222.64,667.92
891,341,11,Drought Shield Bio,Fungicides,3,99.86,299.58
892,341,10,Soil PH Corrector,Fertilizers,12,209.25,2511.0
893,342,6,Anti-Fungal Treatment,Fertilizers,12,270.94,3251.28
894,342,23,Seed Germination Booster,Irrigation products,10,440.06,4400.6
895,342,18,Palm Tree Fertilizer,Fungicides,6,215.47,1292.82
896,343,13,Potassium Booster,Fertilizers,12,143.54,1722.48
897,343,10,Soil PH Corrector,Fertilizers,12,209.25,2511.0
898,344,23,Seed Germination Booster,Irrigation products,10,440.06,4400.6
899,345,30,Bio Stimulant Plus,Climate-adapted products,4,201.87,807.48
900,345,26,Crop Stress Reducer,Climate-adapted products,11,233.62,2569.82
901,345,20,Greenhouse Pest Control,Fungicides,10,448.57,4485.7
902,346,8,Drip Irrigation Kit,Irrigation products,6,367.35,2204.1
903,347,27,Irrigation Filter Pack,Fungicides,12,169.8,2037.6
904,348,8,Drip Irrigation Kit,Irrigation products,2,367.35,734.7
905,348,23,Seed Germination Booster,Irrigation products,6,440.06,2640.36
906,349,13,Potassium Booster,Fertilizers,8,143.54,1148.32
907,350,29,Climate Smart Pack,Seeds,7,88.41,618.87
908,350,13,Potassium Booster,Fertilizers,2,143.54,287.08
909,350,12,Humidity Control Spray,Fungicides,8,210.12,1680.96
910,350,18,Palm Tree Fertilizer,Fungicides,10,215.47,2154.7
911,351,10,Soil PH Corrector,Fertilizers,1,209.25,209.25
912,352,11,Drought Shield Bio,Fungicides,3,99.86,299.58
913,353,11,Drought Shield Bio,Fungicides,10,99.86,998.6
914,354,21,Aphid Control Solution,Pesticides,7,122.98,860.86
915,354,6,Anti-Fungal Treatment,Fertilizers,3,270.94,812.82
916,354,20,Greenhouse Pest Control,Fungicides,1,448.57,448.57
917,354,29,Climate Smart Pack,Seeds,2,88.41,176.82
918,355,23,Seed Germination Booster,Irrigation products,12,440.06,5280.72
919,355,18,Palm Tree Fertilizer,Fungicides,9,215.47,1939.23
920,355,24,Foliar Nutrition Mix,Pesticides,5,101.26,506.3
921,355,30,Bio Stimulant Plus,Climate-adapted products,11,201.87,2220.57
922,356,13,Potassium Booster,Fertilizers,10,143.54,1435.4
923,357,1,NPK Fertilizer 20-20-20,Fertilizers,5,449.96,2249.8
924,357,14,Nitrogen Booster,Soil treatment,11,186.07,2046.77
925,357,3,Tomato Seeds Premium,Irrigation products,11,89.76,987.36
926,358,7,Copper Fungicide,Soil treatment,3,109.29,327.87
927,359,10,Soil PH Corrector,Fertilizers,7,209.25,1464.75
928,360,3,Tomato Seeds Premium,Irrigation products,7,89.76,628.32
929,360,21,Aphid Control Solution,Pesticides,3,122.98,368.94
930,360,18,Palm Tree Fertilizer,Fungicides,6,215.47,1292.82
931,361,9,Water Retention Granules,Pesticides,8,54.31,434.48
932,362,19,Salinity Control Product,Soil treatment,12,128.4,1540.8
933,362,2,Organic Compost Mix,Soil treatment,11,42.11,463.21
934,362,5,Olive Tree Nutrient Pack,Irrigation products,2,434.59,869.18
935,363,25,Micro Elements Pack,Fertilizers,1,439.08,439.08
936,363,19,Salinity Control Product,Soil treatment,7,128.4,898.8
937,363,8,Drip Irrigation Kit,Irrigation products,9,367.35,3306.15
938,363,18,Palm Tree Fertilizer,Fungicides,7,215.47,1508.29
939,364,19,Salinity Control Product,Soil treatment,5,128.4,642.0
940,364,29,Climate Smart Pack,Seeds,2,88.41,176.82
941,364,8,Drip Irrigation Kit,Irrigation products,7,367.35,2571.45
942,364,16,Vegetable Root Stimulator,Soil treatment,12,399.05,4788.6
943,365,4,Wheat Seeds Resistant,Seeds,8,222.64,1781.12
944,365,25,Micro Elements Pack,Fertilizers,3,439.08,1317.24
945,366,2,Organic Compost Mix,Soil treatment,2,42.11,84.22
946,366,14,Nitrogen Booster,Soil treatment,11,186.07,2046.77
947,367,27,Irrigation Filter Pack,Fungicides,5,169.8,849.0
948,367,20,Greenhouse Pest Control,Fungicides,6,448.57,2691.42
949,368,18,Palm Tree Fertilizer,Fungicides,9,215.47,1939.23
950,368,11,Drought Shield Bio,Fungicides,8,99.86,798.88
951,368,28,Soil Moisture Sensor,Fertilizers,1,195.3,195.3
952,368,9,Water Retention Granules,Pesticides,12,54.31,651.72
953,369,4,Wheat Seeds Resistant,Seeds,10,222.64,2226.4
954,369,14,Nitrogen Booster,Soil treatment,10,186.07,1860.7
955,369,5,Olive Tree Nutrient Pack,Irrigation products,2,434.59,869.18
956,369,19,Salinity Control Product,Soil treatment,2,128.4,256.8
957,370,29,Climate Smart Pack,Seeds,7,88.41,618.87
958,370,14,Nitrogen Booster,Soil treatment,11,186.07,2046.77
959,370,9,Water Retention Granules,Pesticides,8,54.31,434.48
960,371,9,Water Retention Granules,Pesticides,3,54.31,162.93
961,371,13,Potassium Booster,Fertilizers,10,143.54,1435.4
962,372,13,Potassium Booster,Fertilizers,6,143.54,861.24
963,373,29,Climate Smart Pack,Seeds,6,88.41,530.46
964,373,12,Humidity Control Spray,Fungicides,5,210.12,1050.6
965,373,1,NPK Fertilizer 20-20-20,Fertilizers,5,449.96,2249.8
966,374,28,Soil Moisture Sensor,Fertilizers,4,195.3,781.2
967,375,25,Micro Elements Pack,Fertilizers,12,439.08,5268.96
968,375,27,Irrigation Filter Pack,Fungicides,7,169.8,1188.6
969,375,11,Drought Shield Bio,Fungicides,10,99.86,998.6
970,375,9,Water Retention Granules,Pesticides,11,54.31,597.41
971,376,24,Foliar Nutrition Mix,Pesticides,6,101.26,607.56
972,376,16,Vegetable Root Stimulator,Soil treatment,1,399.05,399.05
973,376,25,Micro Elements Pack,Fertilizers,9,439.08,3951.72
974,376,17,Cereal Yield Enhancer,Soil treatment,3,197.73,593.19
975,377,5,Olive Tree Nutrient Pack,Irrigation products,10,434.59,4345.9
976,377,25,Micro Elements Pack,Fertilizers,1,439.08,439.08
977,377,28,Soil Moisture Sensor,Fertilizers,3,195.3,585.9
978,377,17,Cereal Yield Enhancer,Soil treatment,4,197.73,790.92
979,378,2,Organic Compost Mix,Soil treatment,4,42.11,168.44
980,378,30,Bio Stimulant Plus,Climate-adapted products,5,201.87,1009.35
981,378,12,Humidity Control Spray,Fungicides,6,210.12,1260.72
982,378,23,Seed Germination Booster,Irrigation products,8,440.06,3520.48
983,379,22,Mildew Protection Spray,Climate-adapted products,1,318.32,318.32
984,380,6,Anti-Fungal Treatment,Fertilizers,9,270.94,2438.46
985,380,28,Soil Moisture Sensor,Fertilizers,6,195.3,1171.8
986,380,16,Vegetable Root Stimulator,Soil treatment,6,399.05,2394.3
987,380,19,Salinity Control Product,Soil treatment,3,128.4,385.2
988,381,13,Potassium Booster,Fertilizers,1,143.54,143.54
989,382,28,Soil Moisture Sensor,Fertilizers,11,195.3,2148.3
990,382,8,Drip Irrigation Kit,Irrigation products,4,367.35,1469.4
991,383,28,Soil Moisture Sensor,Fertilizers,11,195.3,2148.3
992,384,20,Greenhouse Pest Control,Fungicides,1,448.57,448.57
993,384,26,Crop Stress Reducer,Climate-adapted products,4,233.62,934.48
994,385,23,Seed Germination Booster,Irrigation products,7,440.06,3080.42
995,385,21,Aphid Control Solution,Pesticides,7,122.98,860.86
996,385,9,Water Retention Granules,Pesticides,6,54.31,325.86
997,386,22,Mildew Protection Spray,Climate-adapted products,10,318.32,3183.2
998,386,17,Cereal Yield Enhancer,Soil treatment,7,197.73,1384.11
999,386,27,Irrigation Filter Pack,Fungicides,10,169.8,1698.0
1000,387,18,Palm Tree Fertilizer,Fungicides,10,215.47,2154.7
1001,387,21,Aphid Control Solution,Pesticides,5,122.98,614.9
1002,387,20,Greenhouse Pest Control,Fungicides,5,448.57,2242.85
1003,388,21,Aphid Control Solution,Pesticides,5,122.98,614.9
1004,388,11,Drought Shield Bio,Fungicides,5,99.86,499.3
1005,388,28,Soil Moisture Sensor,Fertilizers,11,195.3,2148.3
1006,389,29,Climate Smart Pack,Seeds,10,88.41,884.1
1007,389,2,Organic Compost Mix,Soil treatment,7,42.11,294.77
1008,390,21,Aphid Control Solution,Pesticides,8,122.98,983.84
1009,391,13,Potassium Booster,Fertilizers,12,143.54,1722.48
1010,391,24,Foliar Nutrition Mix,Pesticides,10,101.26,1012.6
1011,391,2,Organic Compost Mix,Soil treatment,4,42.11,168.44
1012,391,19,Salinity Control Product,Soil treatment,6,128.4,770.4
1013,392,30,Bio Stimulant Plus,Climate-adapted products,5,201.87,1009.35
1014,392,22,Mildew Protection Spray,Climate-adapted products,3,318.32,954.96
1015,392,12,Humidity Control Spray,Fungicides,11,210.12,2311.32
1016,392,17,Cereal Yield Enhancer,Soil treatment,9,197.73,1779.57
1017,393,24,Foliar Nutrition Mix,Pesticides,12,101.26,1215.12
1018,393,9,Water Retention Granules,Pesticides,9,54.31,488.79
1019,394,8,Drip Irrigation Kit,Irrigation products,6,367.35,2204.1
1020,395,12,Humidity Control Spray,Fungicides,5,210.12,1050.6
1021,395,9,Water Retention Granules,Pesticides,8,54.31,434.48
1022,395,19,Salinity Control Product,Soil treatment,2,128.4,256.8
1023,396,16,Vegetable Root Stimulator,Soil treatment,4,399.05,1596.2
1024,397,17,Cereal Yield Enhancer,Soil treatment,3,197.73,593.19
1025,397,10,Soil PH Corrector,Fertilizers,3,209.25,627.75
1026,397,14,Nitrogen Booster,Soil treatment,4,186.07,744.28
1027,397,2,Organic Compost Mix,Soil treatment,6,42.11,252.66
1028,398,5,Olive Tree Nutrient Pack,Irrigation products,3,434.59,1303.77
1029,398,11,Drought Shield Bio,Fungicides,2,99.86,199.72
1030,398,28,Soil Moisture Sensor,Fertilizers,8,195.3,1562.4
1031,398,23,Seed Germination Booster,Irrigation products,6,440.06,2640.36
1032,399,15,Citrus Growth Formula,Seeds,5,175.8,879.0
1033,400,16,Vegetable Root Stimulator,Soil treatment,2,399.05,798.1
1034,400,26,Crop Stress Reducer,Climate-adapted products,3,233.62,700.86
1035,401,14,Nitrogen Booster,Soil treatment,1,186.07,186.07
1036,401,16,Vegetable Root Stimulator,Soil treatment,9,399.05,3591.45
1037,401,13,Potassium Booster,Fertilizers,4,143.54,574.16
1038,401,1,NPK Fertilizer 20-20-20,Fertilizers,12,449.96,5399.52
1039,402,1,NPK Fertilizer 20-20-20,Fertilizers,1,449.96,449.96
1040,402,22,Mildew Protection Spray,Climate-adapted products,11,318.32,3501.52
1041,403,10,Soil PH Corrector,Fertilizers,7,209.25,1464.75
1042,403,5,Olive Tree Nutrient Pack,Irrigation products,9,434.59,3911.31
1043,403,4,Wheat Seeds Resistant,Seeds,10,222.64,2226.4
1044,404,10,Soil PH Corrector,Fertilizers,5,209.25,1046.25
1045,405,14,Nitrogen Booster,Soil treatment,3,186.07,558.21
1046,405,29,Climate Smart Pack,Seeds,6,88.41,530.46
1047,405,22,Mildew Protection Spray,Climate-adapted products,8,318.32,2546.56
1048,406,1,NPK Fertilizer 20-20-20,Fertilizers,4,449.96,1799.84
1049,406,8,Drip Irrigation Kit,Irrigation products,12,367.35,4408.2
1050,406,24,Foliar Nutrition Mix,Pesticides,1,101.26,101.26
1051,406,5,Olive Tree Nutrient Pack,Irrigation products,10,434.59,4345.9
1052,407,13,Potassium Booster,Fertilizers,11,143.54,1578.94
1053,408,22,Mildew Protection Spray,Climate-adapted products,2,318.32,636.64
1054,409,15,Citrus Growth Formula,Seeds,5,175.8,879.0
1055,409,13,Potassium Booster,Fertilizers,8,143.54,1148.32
1056,409,4,Wheat Seeds Resistant,Seeds,12,222.64,2671.68
1057,409,18,Palm Tree Fertilizer,Fungicides,3,215.47,646.41
1058,410,10,Soil PH Corrector,Fertilizers,7,209.25,1464.75
1059,411,14,Nitrogen Booster,Soil treatment,2,186.07,372.14
1060,411,27,Irrigation Filter Pack,Fungicides,9,169.8,1528.2
1061,412,16,Vegetable Root Stimulator,Soil treatment,4,399.05,1596.2
1062,413,12,Humidity Control Spray,Fungicides,7,210.12,1470.84
1063,413,23,Seed Germination Booster,Irrigation products,5,440.06,2200.3
1064,414,23,Seed Germination Booster,Irrigation products,8,440.06,3520.48
1065,414,30,Bio Stimulant Plus,Climate-adapted products,6,201.87,1211.22
1066,415,30,Bio Stimulant Plus,Climate-adapted products,2,201.87,403.74
1067,416,25,Micro Elements Pack,Fertilizers,9,439.08,3951.72
1068,417,15,Citrus Growth Formula,Seeds,5,175.8,879.0
1069,417,10,Soil PH Corrector,Fertilizers,8,209.25,1674.0
1070,418,28,Soil Moisture Sensor,Fertilizers,5,195.3,976.5
1071,419,4,Wheat Seeds Resistant,Seeds,1,222.64,222.64
1072,420,11,Drought Shield Bio,Fungicides,8,99.86,798.88
1073,420,12,Humidity Control Spray,Fungicides,10,210.12,2101.2
1074,421,6,Anti-Fungal Treatment,Fertilizers,7,270.94,1896.58
1075,421,4,Wheat Seeds Resistant,Seeds,8,222.64,1781.12
1076,421,13,Potassium Booster,Fertilizers,5,143.54,717.7
1077,422,21,Aphid Control Solution,Pesticides,2,122.98,245.96
1078,422,29,Climate Smart Pack,Seeds,3,88.41,265.23
1079,422,26,Crop Stress Reducer,Climate-adapted products,12,233.62,2803.44
1080,422,6,Anti-Fungal Treatment,Fertilizers,12,270.94,3251.28
1081,423,26,Crop Stress Reducer,Climate-adapted products,3,233.62,700.86
1082,423,19,Salinity Control Product,Soil treatment,10,128.4,1284.0
1083,423,22,Mildew Protection Spray,Climate-adapted products,7,318.32,2228.24
1084,423,15,Citrus Growth Formula,Seeds,6,175.8,1054.8
1085,424,16,Vegetable Root Stimulator,Soil treatment,8,399.05,3192.4
1086,424,30,Bio Stimulant Plus,Climate-adapted products,2,201.87,403.74
1087,425,21,Aphid Control Solution,Pesticides,12,122.98,1475.76
1088,425,11,Drought Shield Bio,Fungicides,11,99.86,1098.46
1089,425,1,NPK Fertilizer 20-20-20,Fertilizers,9,449.96,4049.64
1090,426,17,Cereal Yield Enhancer,Soil treatment,2,197.73,395.46
1091,426,23,Seed Germination Booster,Irrigation products,7,440.06,3080.42
1092,426,20,Greenhouse Pest Control,Fungicides,11,448.57,4934.27
1093,427,5,Olive Tree Nutrient Pack,Irrigation products,10,434.59,4345.9
1094,427,27,Irrigation Filter Pack,Fungicides,1,169.8,169.8
1095,427,18,Palm Tree Fertilizer,Fungicides,1,215.47,215.47
1096,427,29,Climate Smart Pack,Seeds,11,88.41,972.51
1097,428,28,Soil Moisture Sensor,Fertilizers,8,195.3,1562.4
1098,428,6,Anti-Fungal Treatment,Fertilizers,6,270.94,1625.64
1099,428,3,Tomato Seeds Premium,Irrigation products,4,89.76,359.04
1100,428,25,Micro Elements Pack,Fertilizers,6,439.08,2634.48
1101,429,13,Potassium Booster,Fertilizers,8,143.54,1148.32
1102,429,27,Irrigation Filter Pack,Fungicides,8,169.8,1358.4
1103,429,8,Drip Irrigation Kit,Irrigation products,10,367.35,3673.5
1104,429,3,Tomato Seeds Premium,Irrigation products,8,89.76,718.08
1105,430,16,Vegetable Root Stimulator,Soil treatment,12,399.05,4788.6
1106,431,18,Palm Tree Fertilizer,Fungicides,9,215.47,1939.23
1107,432,29,Climate Smart Pack,Seeds,4,88.41,353.64
1108,432,17,Cereal Yield Enhancer,Soil treatment,11,197.73,2175.03
1109,432,18,Palm Tree Fertilizer,Fungicides,11,215.47,2370.17
1110,433,27,Irrigation Filter Pack,Fungicides,4,169.8,679.2
1111,434,23,Seed Germination Booster,Irrigation products,2,440.06,880.12
1112,434,22,Mildew Protection Spray,Climate-adapted products,2,318.32,636.64
1113,434,12,Humidity Control Spray,Fungicides,11,210.12,2311.32
1114,434,15,Citrus Growth Formula,Seeds,4,175.8,703.2
1115,435,18,Palm Tree Fertilizer,Fungicides,12,215.47,2585.64
1116,435,17,Cereal Yield Enhancer,Soil treatment,2,197.73,395.46
1117,435,12,Humidity Control Spray,Fungicides,1,210.12,210.12
1118,436,4,Wheat Seeds Resistant,Seeds,4,222.64,890.56
1119,436,9,Water Retention Granules,Pesticides,2,54.31,108.62
1120,436,20,Greenhouse Pest Control,Fungicides,7,448.57,3139.99
1121,436,7,Copper Fungicide,Soil treatment,4,109.29,437.16
1122,437,25,Micro Elements Pack,Fertilizers,7,439.08,3073.56
1123,438,25,Micro Elements Pack,Fertilizers,8,439.08,3512.64
1124,439,16,Vegetable Root Stimulator,Soil treatment,9,399.05,3591.45
1125,439,1,NPK Fertilizer 20-20-20,Fertilizers,12,449.96,5399.52
1126,440,30,Bio Stimulant Plus,Climate-adapted products,12,201.87,2422.44
1127,440,17,Cereal Yield Enhancer,Soil treatment,10,197.73,1977.3
1128,440,25,Micro Elements Pack,Fertilizers,3,439.08,1317.24
1129,440,6,Anti-Fungal Treatment,Fertilizers,12,270.94,3251.28
1130,441,17,Cereal Yield Enhancer,Soil treatment,7,197.73,1384.11
1131,441,29,Climate Smart Pack,Seeds,10,88.41,884.1
1132,441,13,Potassium Booster,Fertilizers,12,143.54,1722.48
1133,442,10,Soil PH Corrector,Fertilizers,3,209.25,627.75
1134,442,15,Citrus Growth Formula,Seeds,3,175.8,527.4
1135,442,26,Crop Stress Reducer,Climate-adapted products,7,233.62,1635.34
1136,443,27,Irrigation Filter Pack,Fungicides,6,169.8,1018.8
1137,443,23,Seed Germination Booster,Irrigation products,12,440.06,5280.72
1138,443,18,Palm Tree Fertilizer,Fungicides,12,215.47,2585.64
1139,444,20,Greenhouse Pest Control,Fungicides,5,448.57,2242.85
1140,444,23,Seed Germination Booster,Irrigation products,11,440.06,4840.66
1141,445,17,Cereal Yield Enhancer,Soil treatment,12,197.73,2372.76
1142,445,18,Palm Tree Fertilizer,Fungicides,11,215.47,2370.17
1143,446,18,Palm Tree Fertilizer,Fungicides,10,215.47,2154.7
1144,446,16,Vegetable Root Stimulator,Soil treatment,11,399.05,4389.55
1145,446,19,Salinity Control Product,Soil treatment,12,128.4,1540.8
1146,447,29,Climate Smart Pack,Seeds,1,88.41,88.41
1147,447,28,Soil Moisture Sensor,Fertilizers,9,195.3,1757.7
1148,447,14,Nitrogen Booster,Soil treatment,2,186.07,372.14
1149,448,7,Copper Fungicide,Soil treatment,5,109.29,546.45
1150,449,27,Irrigation Filter Pack,Fungicides,12,169.8,2037.6
1151,449,2,Organic Compost Mix,Soil treatment,5,42.11,210.55
1152,450,4,Wheat Seeds Resistant,Seeds,12,222.64,2671.68
1153,450,20,Greenhouse Pest Control,Fungicides,9,448.57,4037.13
1154,450,28,Soil Moisture Sensor,Fertilizers,4,195.3,781.2
1155,450,22,Mildew Protection Spray,Climate-adapted products,12,318.32,3819.84
1156,451,23,Seed Germination Booster,Irrigation products,7,440.06,3080.42
1157,451,22,Mildew Protection Spray,Climate-adapted products,7,318.32,2228.24
1158,451,2,Organic Compost Mix,Soil treatment,7,42.11,294.77
1159,452,7,Copper Fungicide,Soil treatment,8,109.29,874.32
1160,452,20,Greenhouse Pest Control,Fungicides,4,448.57,1794.28
1161,452,28,Soil Moisture Sensor,Fertilizers,11,195.3,2148.3
1162,453,25,Micro Elements Pack,Fertilizers,4,439.08,1756.32
1163,453,24,Foliar Nutrition Mix,Pesticides,5,101.26,506.3
1164,454,6,Anti-Fungal Treatment,Fertilizers,3,270.94,812.82
1165,455,9,Water Retention Granules,Pesticides,10,54.31,543.1
1166,455,18,Palm Tree Fertilizer,Fungicides,5,215.47,1077.35
1167,455,5,Olive Tree Nutrient Pack,Irrigation products,1,434.59,434.59
1168,455,6,Anti-Fungal Treatment,Fertilizers,6,270.94,1625.64
1169,456,5,Olive Tree Nutrient Pack,Irrigation products,6,434.59,2607.54
1170,457,16,Vegetable Root Stimulator,Soil treatment,9,399.05,3591.45
1171,457,26,Crop Stress Reducer,Climate-adapted products,6,233.62,1401.72
1172,457,19,Salinity Control Product,Soil treatment,2,128.4,256.8
1173,458,17,Cereal Yield Enhancer,Soil treatment,9,197.73,1779.57
1174,458,3,Tomato Seeds Premium,Irrigation products,3,89.76,269.28
1175,459,12,Humidity Control Spray,Fungicides,4,210.12,840.48
1176,460,10,Soil PH Corrector,Fertilizers,10,209.25,2092.5
1177,460,7,Copper Fungicide,Soil treatment,9,109.29,983.61
1178,460,25,Micro Elements Pack,Fertilizers,8,439.08,3512.64
1179,461,15,Citrus Growth Formula,Seeds,11,175.8,1933.8
1180,461,8,Drip Irrigation Kit,Irrigation products,10,367.35,3673.5
1181,461,29,Climate Smart Pack,Seeds,10,88.41,884.1
1182,462,13,Potassium Booster,Fertilizers,2,143.54,287.08
1183,462,30,Bio Stimulant Plus,Climate-adapted products,7,201.87,1413.09
1184,462,26,Crop Stress Reducer,Climate-adapted products,5,233.62,1168.1
1185,463,17,Cereal Yield Enhancer,Soil treatment,8,197.73,1581.84
1186,463,26,Crop Stress Reducer,Climate-adapted products,1,233.62,233.62
1187,463,15,Citrus Growth Formula,Seeds,5,175.8,879.0
1188,464,6,Anti-Fungal Treatment,Fertilizers,9,270.94,2438.46
1189,465,22,Mildew Protection Spray,Climate-adapted products,4,318.32,1273.28
1190,465,21,Aphid Control Solution,Pesticides,11,122.98,1352.78
1191,466,21,Aphid Control Solution,Pesticides,11,122.98,1352.78
1192,466,27,Irrigation Filter Pack,Fungicides,3,169.8,509.4
1193,466,3,Tomato Seeds Premium,Irrigation products,1,89.76,89.76
1194,466,24,Foliar Nutrition Mix,Pesticides,8,101.26,810.08
1195,467,6,Anti-Fungal Treatment,Fertilizers,5,270.94,1354.7
1196,468,30,Bio Stimulant Plus,Climate-adapted products,7,201.87,1413.09
1197,468,9,Water Retention Granules,Pesticides,7,54.31,380.17
1198,469,1,NPK Fertilizer 20-20-20,Fertilizers,2,449.96,899.92
1199,469,13,Potassium Booster,Fertilizers,9,143.54,1291.86
1200,469,22,Mildew Protection Spray,Climate-adapted products,1,318.32,318.32
1201,470,23,Seed Germination Booster,Irrigation products,2,440.06,880.12
1202,471,20,Greenhouse Pest Control,Fungicides,8,448.57,3588.56
1203,471,3,Tomato Seeds Premium,Irrigation products,7,89.76,628.32
1204,471,10,Soil PH Corrector,Fertilizers,7,209.25,1464.75
1205,472,5,Olive Tree Nutrient Pack,Irrigation products,7,434.59,3042.13
1206,472,24,Foliar Nutrition Mix,Pesticides,9,101.26,911.34
1207,473,1,NPK Fertilizer 20-20-20,Fertilizers,9,449.96,4049.64
1208,473,18,Palm Tree Fertilizer,Fungicides,3,215.47,646.41
1209,473,28,Soil Moisture Sensor,Fertilizers,2,195.3,390.6
1210,474,18,Palm Tree Fertilizer,Fungicides,12,215.47,2585.64
1211,474,3,Tomato Seeds Premium,Irrigation products,12,89.76,1077.12
1212,474,10,Soil PH Corrector,Fertilizers,12,209.25,2511.0
1213,474,7,Copper Fungicide,Soil treatment,6,109.29,655.74
1214,475,6,Anti-Fungal Treatment,Fertilizers,10,270.94,2709.4
1215,475,8,Drip Irrigation Kit,Irrigation products,5,367.35,1836.75
1216,476,28,Soil Moisture Sensor,Fertilizers,9,195.3,1757.7
1217,477,22,Mildew Protection Spray,Climate-adapted products,2,318.32,636.64
1218,477,3,Tomato Seeds Premium,Irrigation products,4,89.76,359.04
1219,477,9,Water Retention Granules,Pesticides,12,54.31,651.72
1220,478,5,Olive Tree Nutrient Pack,Irrigation products,4,434.59,1738.36
1221,478,22,Mildew Protection Spray,Climate-adapted products,2,318.32,636.64
1222,478,21,Aphid Control Solution,Pesticides,5,122.98,614.9
1223,479,16,Vegetable Root Stimulator,Soil treatment,10,399.05,3990.5
1224,479,15,Citrus Growth Formula,Seeds,11,175.8,1933.8
1225,479,11,Drought Shield Bio,Fungicides,5,99.86,499.3
1226,480,26,Crop Stress Reducer,Climate-adapted products,3,233.62,700.86
1227,480,11,Drought Shield Bio,Fungicides,1,99.86,99.86
1228,480,14,Nitrogen Booster,Soil treatment,6,186.07,1116.42
1229,481,9,Water Retention Granules,Pesticides,11,54.31,597.41
1230,481,27,Irrigation Filter Pack,Fungicides,12,169.8,2037.6
1231,481,12,Humidity Control Spray,Fungicides,6,210.12,1260.72
1232,481,5,Olive Tree Nutrient Pack,Irrigation products,8,434.59,3476.72
1233,482,16,Vegetable Root Stimulator,Soil treatment,3,399.05,1197.15
1234,482,18,Palm Tree Fertilizer,Fungicides,11,215.47,2370.17
1235,482,4,Wheat Seeds Resistant,Seeds,10,222.64,2226.4
1236,483,29,Climate Smart Pack,Seeds,4,88.41,353.64
1237,483,18,Palm Tree Fertilizer,Fungicides,5,215.47,1077.35
1238,484,27,Irrigation Filter Pack,Fungicides,10,169.8,1698.0
1239,485,30,Bio Stimulant Plus,Climate-adapted products,9,201.87,1816.83
1240,485,2,Organic Compost Mix,Soil treatment,5,42.11,210.55
1241,486,12,Humidity Control Spray,Fungicides,4,210.12,840.48
1242,486,13,Potassium Booster,Fertilizers,10,143.54,1435.4
1243,487,13,Potassium Booster,Fertilizers,6,143.54,861.24
1244,488,25,Micro Elements Pack,Fertilizers,3,439.08,1317.24
1245,488,17,Cereal Yield Enhancer,Soil treatment,8,197.73,1581.84
1246,489,24,Foliar Nutrition Mix,Pesticides,6,101.26,607.56
1247,489,16,Vegetable Root Stimulator,Soil treatment,1,399.05,399.05
1248,490,12,Humidity Control Spray,Fungicides,11,210.12,2311.32
1249,490,8,Drip Irrigation Kit,Irrigation products,4,367.35,1469.4
1250,490,2,Organic Compost Mix,Soil treatment,9,42.11,378.99
1251,491,29,Climate Smart Pack,Seeds,2,88.41,176.82
1252,491,2,Organic Compost Mix,Soil treatment,12,42.11,505.32
1253,491,21,Aphid Control Solution,Pesticides,9,122.98,1106.82
1254,491,11,Drought Shield Bio,Fungicides,11,99.86,1098.46
1255,492,13,Potassium Booster,Fertilizers,7,143.54,1004.78
1256,492,21,Aphid Control Solution,Pesticides,6,122.98,737.88
1257,493,17,Cereal Yield Enhancer,Soil treatment,5,197.73,988.65
1258,494,27,Irrigation Filter Pack,Fungicides,8,169.8,1358.4
1259,494,28,Soil Moisture Sensor,Fertilizers,8,195.3,1562.4
1260,494,12,Humidity Control Spray,Fungicides,10,210.12,2101.2
1261,495,6,Anti-Fungal Treatment,Fertilizers,11,270.94,2980.34
1262,495,8,Drip Irrigation Kit,Irrigation products,5,367.35,1836.75
1263,495,3,Tomato Seeds Premium,Irrigation products,4,89.76,359.04
1264,495,17,Cereal Yield Enhancer,Soil treatment,3,197.73,593.19
1265,496,22,Mildew Protection Spray,Climate-adapted products,4,318.32,1273.28
1266,497,22,Mildew Protection Spray,Climate-adapted products,3,318.32,954.96
1267,497,16,Vegetable Root Stimulator,Soil treatment,11,399.05,4389.55
1268,497,7,Copper Fungicide,Soil treatment,7,109.29,765.03
1269,497,19,Salinity Control Product,Soil treatment,1,128.4,128.4
1270,498,5,Olive Tree Nutrient Pack,Irrigation products,9,434.59,3911.31
1271,498,21,Aphid Control Solution,Pesticides,1,122.98,122.98
1272,499,30,Bio Stimulant Plus,Climate-adapted products,7,201.87,1413.09
1273,499,6,Anti-Fungal Treatment,Fertilizers,10,270.94,2709.4
1274,499,17,Cereal Yield Enhancer,Soil treatment,10,197.73,1977.3
1275,500,7,Copper Fungicide,Soil treatment,8,109.29,874.32
1276,501,8,Drip Irrigation Kit,Irrigation products,7,367.35,2571.45
1277,501,27,Irrigation Filter Pack,Fungicides,10,169.8,1698.0
1278,502,20,Greenhouse Pest Control,Fungicides,9,448.57,4037.13
1279,502,22,Mildew Protection Spray,Climate-adapted products,5,318.32,1591.6
1280,503,20,Greenhouse Pest Control,Fungicides,7,448.57,3139.99
1281,503,19,Salinity Control Product,Soil treatment,7,128.4,898.8
1282,503,3,Tomato Seeds Premium,Irrigation products,3,89.76,269.28
1283,503,8,Drip Irrigation Kit,Irrigation products,2,367.35,734.7
1284,504,27,Irrigation Filter Pack,Fungicides,3,169.8,509.4
1285,504,5,Olive Tree Nutrient Pack,Irrigation products,8,434.59,3476.72
1286,504,20,Greenhouse Pest Control,Fungicides,10,448.57,4485.7
1287,504,4,Wheat Seeds Resistant,Seeds,10,222.64,2226.4
1288,505,3,Tomato Seeds Premium,Irrigation products,8,89.76,718.08
1289,506,29,Climate Smart Pack,Seeds,11,88.41,972.51
1290,507,23,Seed Germination Booster,Irrigation products,9,440.06,3960.54
1291,508,26,Crop Stress Reducer,Climate-adapted products,10,233.62,2336.2
1292,508,25,Micro Elements Pack,Fertilizers,12,439.08,5268.96
1293,508,13,Potassium Booster,Fertilizers,12,143.54,1722.48
1294,508,12,Humidity Control Spray,Fungicides,10,210.12,2101.2
1295,509,25,Micro Elements Pack,Fertilizers,2,439.08,878.16
1296,509,8,Drip Irrigation Kit,Irrigation products,5,367.35,1836.75
1297,509,30,Bio Stimulant Plus,Climate-adapted products,10,201.87,2018.7
1298,509,28,Soil Moisture Sensor,Fertilizers,9,195.3,1757.7
1299,510,19,Salinity Control Product,Soil treatment,9,128.4,1155.6
1300,511,23,Seed Germination Booster,Irrigation products,6,440.06,2640.36
1301,511,26,Crop Stress Reducer,Climate-adapted products,7,233.62,1635.34
1302,512,9,Water Retention Granules,Pesticides,7,54.31,380.17
1303,512,28,Soil Moisture Sensor,Fertilizers,10,195.3,1953.0
1304,512,18,Palm Tree Fertilizer,Fungicides,6,215.47,1292.82
1305,513,25,Micro Elements Pack,Fertilizers,9,439.08,3951.72
1306,513,7,Copper Fungicide,Soil treatment,8,109.29,874.32
1307,513,14,Nitrogen Booster,Soil treatment,3,186.07,558.21
1308,513,18,Palm Tree Fertilizer,Fungicides,6,215.47,1292.82
1309,514,19,Salinity Control Product,Soil treatment,12,128.4,1540.8
1310,514,12,Humidity Control Spray,Fungicides,7,210.12,1470.84
1311,514,25,Micro Elements Pack,Fertilizers,12,439.08,5268.96
1312,515,15,Citrus Growth Formula,Seeds,12,175.8,2109.6
1313,515,26,Crop Stress Reducer,Climate-adapted products,3,233.62,700.86
1314,516,26,Crop Stress Reducer,Climate-adapted products,12,233.62,2803.44
1315,516,18,Palm Tree Fertilizer,Fungicides,11,215.47,2370.17
1316,516,20,Greenhouse Pest Control,Fungicides,12,448.57,5382.84
1317,517,26,Crop Stress Reducer,Climate-adapted products,2,233.62,467.24
1318,518,3,Tomato Seeds Premium,Irrigation products,2,89.76,179.52
1319,518,9,Water Retention Granules,Pesticides,10,54.31,543.1
1320,518,8,Drip Irrigation Kit,Irrigation products,1,367.35,367.35
1321,518,12,Humidity Control Spray,Fungicides,12,210.12,2521.44
1322,519,23,Seed Germination Booster,Irrigation products,3,440.06,1320.18
1323,519,20,Greenhouse Pest Control,Fungicides,11,448.57,4934.27
1324,519,2,Organic Compost Mix,Soil treatment,8,42.11,336.88
1325,520,7,Copper Fungicide,Soil treatment,10,109.29,1092.9
1326,520,2,Organic Compost Mix,Soil treatment,9,42.11,378.99
1327,520,26,Crop Stress Reducer,Climate-adapted products,9,233.62,2102.58
1328,521,12,Humidity Control Spray,Fungicides,4,210.12,840.48
1329,522,25,Micro Elements Pack,Fertilizers,11,439.08,4829.88
1330,522,13,Potassium Booster,Fertilizers,7,143.54,1004.78
1331,522,12,Humidity Control Spray,Fungicides,7,210.12,1470.84
1332,523,30,Bio Stimulant Plus,Climate-adapted products,2,201.87,403.74
1333,524,12,Humidity Control Spray,Fungicides,4,210.12,840.48
1334,524,27,Irrigation Filter Pack,Fungicides,10,169.8,1698.0
1335,524,9,Water Retention Granules,Pesticides,4,54.31,217.24
1336,525,6,Anti-Fungal Treatment,Fertilizers,2,270.94,541.88
1337,525,14,Nitrogen Booster,Soil treatment,9,186.07,1674.63
1338,525,17,Cereal Yield Enhancer,Soil treatment,2,197.73,395.46
1339,526,26,Crop Stress Reducer,Climate-adapted products,9,233.62,2102.58
1340,527,23,Seed Germination Booster,Irrigation products,10,440.06,4400.6
1341,527,15,Citrus Growth Formula,Seeds,8,175.8,1406.4
1342,527,13,Potassium Booster,Fertilizers,4,143.54,574.16
1343,528,16,Vegetable Root Stimulator,Soil treatment,2,399.05,798.1
1344,529,22,Mildew Protection Spray,Climate-adapted products,4,318.32,1273.28
1345,529,23,Seed Germination Booster,Irrigation products,6,440.06,2640.36
1346,530,23,Seed Germination Booster,Irrigation products,5,440.06,2200.3
1347,531,3,Tomato Seeds Premium,Irrigation products,3,89.76,269.28
1348,531,18,Palm Tree Fertilizer,Fungicides,8,215.47,1723.76
1349,531,30,Bio Stimulant Plus,Climate-adapted products,6,201.87,1211.22
1350,532,6,Anti-Fungal Treatment,Fertilizers,4,270.94,1083.76
1351,532,24,Foliar Nutrition Mix,Pesticides,8,101.26,810.08
1352,532,22,Mildew Protection Spray,Climate-adapted products,12,318.32,3819.84
1353,533,7,Copper Fungicide,Soil treatment,4,109.29,437.16
1354,533,8,Drip Irrigation Kit,Irrigation products,10,367.35,3673.5
1355,533,27,Irrigation Filter Pack,Fungicides,6,169.8,1018.8
1356,534,22,Mildew Protection Spray,Climate-adapted products,11,318.32,3501.52
1357,535,28,Soil Moisture Sensor,Fertilizers,8,195.3,1562.4
1358,536,16,Vegetable Root Stimulator,Soil treatment,9,399.05,3591.45
1359,536,6,Anti-Fungal Treatment,Fertilizers,5,270.94,1354.7
1360,536,25,Micro Elements Pack,Fertilizers,7,439.08,3073.56
1361,537,16,Vegetable Root Stimulator,Soil treatment,6,399.05,2394.3
1362,537,18,Palm Tree Fertilizer,Fungicides,7,215.47,1508.29
1363,537,2,Organic Compost Mix,Soil treatment,11,42.11,463.21
1364,537,17,Cereal Yield Enhancer,Soil treatment,3,197.73,593.19
1365,538,11,Drought Shield Bio,Fungicides,4,99.86,399.44
1366,538,23,Seed Germination Booster,Irrigation products,7,440.06,3080.42
1367,538,1,NPK Fertilizer 20-20-20,Fertilizers,10,449.96,4499.6
1368,538,22,Mildew Protection Spray,Climate-adapted products,2,318.32,636.64
1369,539,6,Anti-Fungal Treatment,Fertilizers,4,270.94,1083.76
1370,539,18,Palm Tree Fertilizer,Fungicides,5,215.47,1077.35
1371,539,9,Water Retention Granules,Pesticides,8,54.31,434.48
1372,540,14,Nitrogen Booster,Soil treatment,6,186.07,1116.42
1373,540,7,Copper Fungicide,Soil treatment,6,109.29,655.74
1374,540,23,Seed Germination Booster,Irrigation products,7,440.06,3080.42
1375,540,25,Micro Elements Pack,Fertilizers,5,439.08,2195.4
1376,541,27,Irrigation Filter Pack,Fungicides,12,169.8,2037.6
1377,541,4,Wheat Seeds Resistant,Seeds,5,222.64,1113.2
1378,542,7,Copper Fungicide,Soil treatment,3,109.29,327.87
1379,542,5,Olive Tree Nutrient Pack,Irrigation products,8,434.59,3476.72
1380,542,26,Crop Stress Reducer,Climate-adapted products,1,233.62,233.62
1381,542,24,Foliar Nutrition Mix,Pesticides,3,101.26,303.78
1382,543,26,Crop Stress Reducer,Climate-adapted products,5,233.62,1168.1
1383,543,16,Vegetable Root Stimulator,Soil treatment,9,399.05,3591.45
1384,543,10,Soil PH Corrector,Fertilizers,10,209.25,2092.5
1385,544,2,Organic Compost Mix,Soil treatment,5,42.11,210.55
1386,544,7,Copper Fungicide,Soil treatment,8,109.29,874.32
1387,545,12,Humidity Control Spray,Fungicides,5,210.12,1050.6
1388,545,18,Palm Tree Fertilizer,Fungicides,6,215.47,1292.82
1389,545,30,Bio Stimulant Plus,Climate-adapted products,1,201.87,201.87
1390,546,19,Salinity Control Product,Soil treatment,11,128.4,1412.4
1391,546,21,Aphid Control Solution,Pesticides,9,122.98,1106.82
1392,547,25,Micro Elements Pack,Fertilizers,2,439.08,878.16
1393,547,24,Foliar Nutrition Mix,Pesticides,7,101.26,708.82
1394,547,15,Citrus Growth Formula,Seeds,10,175.8,1758.0
1395,547,29,Climate Smart Pack,Seeds,5,88.41,442.05
1396,548,21,Aphid Control Solution,Pesticides,6,122.98,737.88
1397,548,26,Crop Stress Reducer,Climate-adapted products,7,233.62,1635.34
1398,549,3,Tomato Seeds Premium,Irrigation products,3,89.76,269.28
1399,550,23,Seed Germination Booster,Irrigation products,11,440.06,4840.66
1400,550,9,Water Retention Granules,Pesticides,7,54.31,380.17
1401,550,20,Greenhouse Pest Control,Fungicides,5,448.57,2242.85
1402,551,14,Nitrogen Booster,Soil treatment,3,186.07,558.21
1403,551,6,Anti-Fungal Treatment,Fertilizers,12,270.94,3251.28
1404,551,28,Soil Moisture Sensor,Fertilizers,4,195.3,781.2
1405,551,1,NPK Fertilizer 20-20-20,Fertilizers,11,449.96,4949.56
1406,552,6,Anti-Fungal Treatment,Fertilizers,2,270.94,541.88
1407,552,13,Potassium Booster,Fertilizers,2,143.54,287.08
1408,553,25,Micro Elements Pack,Fertilizers,7,439.08,3073.56
1409,554,3,Tomato Seeds Premium,Irrigation products,7,89.76,628.32
1410,554,21,Aphid Control Solution,Pesticides,5,122.98,614.9
1411,555,21,Aphid Control Solution,Pesticides,3,122.98,368.94
1412,555,5,Olive Tree Nutrient Pack,Irrigation products,1,434.59,434.59
1413,555,17,Cereal Yield Enhancer,Soil treatment,1,197.73,197.73
1414,555,27,Irrigation Filter Pack,Fungicides,11,169.8,1867.8
1415,556,28,Soil Moisture Sensor,Fertilizers,9,195.3,1757.7
1416,556,18,Palm Tree Fertilizer,Fungicides,8,215.47,1723.76
1417,556,30,Bio Stimulant Plus,Climate-adapted products,3,201.87,605.61
1418,556,9,Water Retention Granules,Pesticides,12,54.31,651.72
1419,557,21,Aphid Control Solution,Pesticides,7,122.98,860.86
1420,557,24,Foliar Nutrition Mix,Pesticides,9,101.26,911.34
1421,557,29,Climate Smart Pack,Seeds,11,88.41,972.51
1422,557,19,Salinity Control Product,Soil treatment,11,128.4,1412.4
1423,558,18,Palm Tree Fertilizer,Fungicides,8,215.47,1723.76
1424,558,8,Drip Irrigation Kit,Irrigation products,5,367.35,1836.75
1425,558,26,Crop Stress Reducer,Climate-adapted products,6,233.62,1401.72
1426,558,3,Tomato Seeds Premium,Irrigation products,7,89.76,628.32
1427,559,17,Cereal Yield Enhancer,Soil treatment,3,197.73,593.19
1428,560,23,Seed Germination Booster,Irrigation products,8,440.06,3520.48
1429,561,26,Crop Stress Reducer,Climate-adapted products,1,233.62,233.62
1430,561,10,Soil PH Corrector,Fertilizers,9,209.25,1883.25
1431,561,20,Greenhouse Pest Control,Fungicides,6,448.57,2691.42
1432,561,8,Drip Irrigation Kit,Irrigation products,4,367.35,1469.4
1433,562,6,Anti-Fungal Treatment,Fertilizers,12,270.94,3251.28
1434,562,23,Seed Germination Booster,Irrigation products,11,440.06,4840.66
1435,563,14,Nitrogen Booster,Soil treatment,11,186.07,2046.77
1436,564,10,Soil PH Corrector,Fertilizers,9,209.25,1883.25
1437,564,21,Aphid Control Solution,Pesticides,5,122.98,614.9
1438,564,24,Foliar Nutrition Mix,Pesticides,7,101.26,708.82
1439,565,4,Wheat Seeds Resistant,Seeds,10,222.64,2226.4
1440,565,21,Aphid Control Solution,Pesticides,8,122.98,983.84
1441,565,15,Citrus Growth Formula,Seeds,5,175.8,879.0
1442,566,5,Olive Tree Nutrient Pack,Irrigation products,1,434.59,434.59
1443,567,10,Soil PH Corrector,Fertilizers,5,209.25,1046.25
1444,568,3,Tomato Seeds Premium,Irrigation products,1,89.76,89.76
1445,568,5,Olive Tree Nutrient Pack,Irrigation products,8,434.59,3476.72
1446,569,12,Humidity Control Spray,Fungicides,1,210.12,210.12
1447,569,15,Citrus Growth Formula,Seeds,6,175.8,1054.8
1448,569,23,Seed Germination Booster,Irrigation products,2,440.06,880.12
1449,569,26,Crop Stress Reducer,Climate-adapted products,3,233.62,700.86
1450,570,18,Palm Tree Fertilizer,Fungicides,8,215.47,1723.76
1451,571,27,Irrigation Filter Pack,Fungicides,2,169.8,339.6
1452,571,13,Potassium Booster,Fertilizers,12,143.54,1722.48
1453,571,1,NPK Fertilizer 20-20-20,Fertilizers,4,449.96,1799.84
1454,572,7,Copper Fungicide,Soil treatment,8,109.29,874.32
1455,573,16,Vegetable Root Stimulator,Soil treatment,11,399.05,4389.55
1456,573,13,Potassium Booster,Fertilizers,5,143.54,717.7
1457,574,24,Foliar Nutrition Mix,Pesticides,9,101.26,911.34
1458,575,7,Copper Fungicide,Soil treatment,1,109.29,109.29
1459,575,12,Humidity Control Spray,Fungicides,11,210.12,2311.32
1460,575,29,Climate Smart Pack,Seeds,4,88.41,353.64
1461,576,1,NPK Fertilizer 20-20-20,Fertilizers,5,449.96,2249.8
1462,576,6,Anti-Fungal Treatment,Fertilizers,10,270.94,2709.4
1463,576,26,Crop Stress Reducer,Climate-adapted products,2,233.62,467.24
1464,577,19,Salinity Control Product,Soil treatment,12,128.4,1540.8
1465,578,25,Micro Elements Pack,Fertilizers,3,439.08,1317.24
1466,578,3,Tomato Seeds Premium,Irrigation products,8,89.76,718.08
1467,578,8,Drip Irrigation Kit,Irrigation products,2,367.35,734.7
1468,579,2,Organic Compost Mix,Soil treatment,6,42.11,252.66
1469,580,5,Olive Tree Nutrient Pack,Irrigation products,8,434.59,3476.72
1470,581,26,Crop Stress Reducer,Climate-adapted products,12,233.62,2803.44
1471,581,29,Climate Smart Pack,Seeds,4,88.41,353.64
1472,581,15,Citrus Growth Formula,Seeds,1,175.8,175.8
1473,582,29,Climate Smart Pack,Seeds,12,88.41,1060.92
1474,582,2,Organic Compost Mix,Soil treatment,8,42.11,336.88
1475,582,16,Vegetable Root Stimulator,Soil treatment,9,399.05,3591.45
1476,583,19,Salinity Control Product,Soil treatment,9,128.4,1155.6
1477,583,6,Anti-Fungal Treatment,Fertilizers,6,270.94,1625.64
1478,584,3,Tomato Seeds Premium,Irrigation products,3,89.76,269.28
1479,584,17,Cereal Yield Enhancer,Soil treatment,8,197.73,1581.84
1480,585,1,NPK Fertilizer 20-20-20,Fertilizers,7,449.96,3149.72
1481,585,25,Micro Elements Pack,Fertilizers,12,439.08,5268.96
1482,585,21,Aphid Control Solution,Pesticides,3,122.98,368.94
1483,585,17,Cereal Yield Enhancer,Soil treatment,1,197.73,197.73
1484,586,11,Drought Shield Bio,Fungicides,2,99.86,199.72
1485,586,24,Foliar Nutrition Mix,Pesticides,11,101.26,1113.86
1486,587,25,Micro Elements Pack,Fertilizers,5,439.08,2195.4
1487,587,18,Palm Tree Fertilizer,Fungicides,6,215.47,1292.82
1488,587,5,Olive Tree Nutrient Pack,Irrigation products,7,434.59,3042.13
1489,587,20,Greenhouse Pest Control,Fungicides,11,448.57,4934.27
1490,588,2,Organic Compost Mix,Soil treatment,3,42.11,126.33
1491,589,7,Copper Fungicide,Soil treatment,11,109.29,1202.19
1492,589,4,Wheat Seeds Resistant,Seeds,7,222.64,1558.48
1493,589,2,Organic Compost Mix,Soil treatment,11,42.11,463.21
1494,589,19,Salinity Control Product,Soil treatment,8,128.4,1027.2
1495,590,2,Organic Compost Mix,Soil treatment,10,42.11,421.1
1496,590,12,Humidity Control Spray,Fungicides,12,210.12,2521.44
1497,590,8,Drip Irrigation Kit,Irrigation products,2,367.35,734.7
1498,591,15,Citrus Growth Formula,Seeds,11,175.8,1933.8
1499,592,27,Irrigation Filter Pack,Fungicides,1,169.8,169.8
1500,592,12,Humidity Control Spray,Fungicides,10,210.12,2101.2
1501,592,26,Crop Stress Reducer,Climate-adapted products,5,233.62,1168.1
1502,592,23,Seed Germination Booster,Irrigation products,9,440.06,3960.54
1503,593,7,Copper Fungicide,Soil treatment,9,109.29,983.61
1504,594,7,Copper Fungicide,Soil treatment,10,109.29,1092.9
1505,594,17,Cereal Yield Enhancer,Soil treatment,11,197.73,2175.03
1506,594,22,Mildew Protection Spray,Climate-adapted products,3,318.32,954.96
1507,594,8,Drip Irrigation Kit,Irrigation products,9,367.35,3306.15
1508,595,22,Mildew Protection Spray,Climate-adapted products,11,318.32,3501.52
1509,595,15,Citrus Growth Formula,Seeds,7,175.8,1230.6
1510,595,23,Seed Germination Booster,Irrigation products,2,440.06,880.12
1511,596,22,Mildew Protection Spray,Climate-adapted products,10,318.32,3183.2
1512,596,6,Anti-Fungal Treatment,Fertilizers,8,270.94,2167.52
1513,596,18,Palm Tree Fertilizer,Fungicides,6,215.47,1292.82
1514,597,28,Soil Moisture Sensor,Fertilizers,11,195.3,2148.3
1515,597,12,Humidity Control Spray,Fungicides,7,210.12,1470.84
1516,597,14,Nitrogen Booster,Soil treatment,12,186.07,2232.84
1517,598,13,Potassium Booster,Fertilizers,9,143.54,1291.86
1518,598,25,Micro Elements Pack,Fertilizers,12,439.08,5268.96
1519,599,13,Potassium Booster,Fertilizers,5,143.54,717.7
1520,599,1,NPK Fertilizer 20-20-20,Fertilizers,10,449.96,4499.6
1521,599,24,Foliar Nutrition Mix,Pesticides,1,101.26,101.26
1522,599,2,Organic Compost Mix,Soil treatment,9,42.11,378.99
1523,600,7,Copper Fungicide,Soil treatment,6,109.29,655.74
1524,600,28,Soil Moisture Sensor,Fertilizers,1,195.3,195.3
