order_id,client_id,client_name,zone_id,zone_name,user_id,order_date,order_status,total_amount
1,57,Citrus Sud 57,3,Beja,4,2025-10-31,draft,4698.88
2,28,Green Export 28,4,Kairouan,5,2025-10-14,validated,3848.03
3,21,Ferme Verte 21,3,Beja,4,2025-06-02,delivered,5370.49
4,30,Ferme Culture 30,1,Nabeul,2,2025-10-14,validated,2565.19
5,20,Terra Nature 20,5,Gabes,6,2025-10-15,validated,126.33
6,40,Green Nord 40,3,Beja,4,2026-04-01,validated,6631.1
7,35,Citrus Nord 35,1,Nabeul,2,2026-02-12,delivered,7147.92
8,33,Société Export 33,4,Kairouan,5,2025-06-14,delivered,4829.88
9,35,Citrus Nord 35,1,Nabeul,2,2026-03-23,delivered,5971.39
10,36,Citrus Plus 36,5,Gabes,6,2025-09-01,cancelled,5334.55
11,42,Espace Fertile 42,1,Nabeul,2,2026-05-10,delivered,2686.88
12,37,Green Pro 37,2,Sfax,3,2026-05-06,draft,351.6
13,41,Ferme Culture 41,1,Nabeul,2,2025-10-08,delivered,8435.99
14,7,Espace Verte 7,5,Gabes,6,2025-09-05,delivered,5448.97
15,37,Green Pro 37,2,Sfax,3,2026-01-11,draft,8901.87
16,71,Domaine Culture 71,3,Beja,4,2025-06-08,delivered,734.7
17,60,Citrus Plus 60,4,Kairouan,5,2025-07-31,validated,5797.95
18,66,Coopérative Services 66,5,Gabes,6,2026-05-28,delivered,6626.5
19,66,Coopérative Services 66,5,Gabes,6,2025-08-09,draft,6232.98
20,35,Citrus Nord 35,1,Nabeul,2,2025-06-02,delivered,4290.16
21,69,Terra Nature 69,5,Gabes,6,2026-02-03,delivered,5478.08
22,50,Coopérative Verte 50,3,Beja,4,2025-09-28,draft,6302.71
23,20,Terra Nature 20,5,Gabes,6,2026-02-09,cancelled,1443.18
24,57,Citrus Sud 57,3,Beja,4,2025-07-22,delivered,7611.08
25,34,Citrus Services 34,4,Kairouan,5,2025-11-21,validated,4126.88
26,63,Société Sud 63,4,Kairouan,5,2026-03-05,delivered,4040.85
27,37,Green Pro 37,2,Sfax,3,2025-09-25,validated,9607.58
28,39,Domaine Pro 39,5,Gabes,6,2025-06-15,delivered,1255.5
29,48,Espace Verte 48,2,Sfax,3,2026-01-07,delivered,4516.8
30,49,Agri Nature 49,3,Beja,4,2026-04-14,validated,8139.11
31,33,Société Export 33,4,Kairouan,5,2026-05-08,delivered,4523.11
32,76,Coopérative Culture 76,4,Kairouan,5,2025-11-01,validated,5210.54
33,14,Ferme Plus 14,5,Gabes,6,2025-09-30,delivered,5691.91
34,51,Société Export 51,2,Sfax,3,2025-10-19,delivered,2018.7
35,64,Ferme Fertile 64,3,Beja,4,2025-10-25,validated,3625.9
36,25,Espace Nord 25,2,Sfax,3,2026-04-14,delivered,3801.82
37,6,Citrus Sud 6,1,Nabeul,2,2025-11-06,validated,770.4
38,17,Espace Sud 17,3,Beja,4,2025-07-17,draft,3401.71
39,47,Olive Culture 47,3,Beja,4,2026-02-27,delivered,3364.82
40,44,Green Culture 44,2,Sfax,3,2025-07-29,delivered,1738.36
41,51,Société Export 51,2,Sfax,3,2026-03-13,delivered,8967.39
42,34,Citrus Services 34,4,Kairouan,5,2026-03-27,delivered,5772.94
43,72,Ferme Fertile 72,1,Nabeul,2,2025-11-15,draft,2070.86
44,39,Domaine Pro 39,5,Gabes,6,2026-04-29,delivered,755.38
45,13,Société Pro 13,4,Kairouan,5,2025-09-29,draft,2795.04
46,70,Citrus Services 70,5,Gabes,6,2026-01-01,delivered,1344.65
47,63,Société Sud 63,4,Kairouan,5,2026-04-12,delivered,5369.88
48,31,Green Services 31,4,Kairouan,5,2025-12-03,delivered,2242.09
49,36,Citrus Plus 36,5,Gabes,6,2025-09-06,cancelled,4402.83
50,43,Citrus Nord 43,3,Beja,4,2025-10-03,cancelled,1487.04
51,76,Coopérative Culture 76,4,Kairouan,5,2025-09-19,validated,4690.38
52,1,Domaine Pro 1,1,Nabeul,2,2025-10-20,draft,2819.36
53,15,Société Export 15,1,Nabeul,2,2026-05-05,draft,3901.04
54,42,Espace Fertile 42,1,Nabeul,2,2025-06-09,delivered,5215.08
55,54,Ferme Export 54,2,Sfax,3,2026-02-25,delivered,3192.4
56,47,Olive Culture 47,3,Beja,4,2026-02-18,delivered,10661.29
57,59,Green Fertile 59,3,Beja,4,2026-04-26,cancelled,2793.35
58,55,Citrus Export 55,3,Beja,4,2026-05-18,delivered,2988.53
59,80,Coopérative Fertile 80,4,Kairouan,5,2026-04-21,delivered,6085.83
60,78,Coopérative Verte 78,5,Gabes,6,2026-01-07,delivered,2148.3
61,71,Domaine Culture 71,3,Beja,4,2025-09-19,delivered,2187.58
62,54,Ferme Export 54,2,Sfax,3,2025-07-19,delivered,3233.33
63,9,Espace Pro 9,3,Beja,4,2025-07-17,validated,372.14
64,48,Espace Verte 48,2,Sfax,3,2025-08-06,delivered,5661.45
65,7,Espace Verte 7,5,Gabes,6,2025-10-26,validated,3450.79
66,62,Espace Services 62,5,Gabes,6,2025-09-23,validated,3569.15
67,29,Green Nord 29,1,Nabeul,2,2026-01-06,validated,4934.27
68,35,Citrus Nord 35,1,Nabeul,2,2025-06-15,delivered,1131.81
69,73,Coopérative Plus 73,2,Sfax,3,2026-05-03,delivered,347.22
70,68,Citrus Pro 68,5,Gabes,6,2025-09-19,delivered,7017.66
71,11,Espace Nord 11,5,Gabes,6,2025-06-27,delivered,636.64
72,35,Citrus Nord 35,1,Nabeul,2,2026-01-13,validated,4074.48
73,56,Domaine Nord 56,3,Beja,4,2025-07-27,delivered,5153.77
74,1,Domaine Pro 1,1,Nabeul,2,2025-09-13,delivered,4368.35
75,42,Espace Fertile 42,1,Nabeul,2,2025-08-01,delivered,8220.73
76,46,Coopérative Fertile 46,1,Nabeul,2,2025-07-07,delivered,186.07
77,59,Green Fertile 59,3,Beja,4,2025-07-10,draft,3357.48
78,3,Ferme Culture 3,5,Gabes,6,2025-11-14,delivered,4664.24
79,56,Domaine Nord 56,3,Beja,4,2026-03-29,delivered,717.7
80,44,Green Culture 44,2,Sfax,3,2025-09-22,delivered,1382.82
81,68,Citrus Pro 68,5,Gabes,6,2026-02-17,delivered,3294.3
82,14,Ferme Plus 14,5,Gabes,6,2025-08-14,delivered,5803.45
83,23,Terra Export 23,2,Sfax,3,2026-04-18,delivered,7376.59
84,41,Ferme Culture 41,1,Nabeul,2,2025-08-17,delivered,3719.77
85,65,Olive Verte 65,1,Nabeul,2,2025-07-08,delivered,4827.64
86,77,Espace Export 77,4,Kairouan,5,2026-02-15,delivered,1758.0
87,25,Espace Nord 25,2,Sfax,3,2025-11-12,validated,1139.02
88,11,Espace Nord 11,5,Gabes,6,2026-02-14,validated,4408.2
89,57,Citrus Sud 57,3,Beja,4,2026-01-11,delivered,2463.69
90,53,Ferme Pro 53,1,Nabeul,2,2025-11-21,validated,2569.82
91,43,Citrus Nord 43,3,Beja,4,2025-07-04,delivered,4320.43
92,11,Espace Nord 11,5,Gabes,6,2026-03-26,validated,4482.79
93,77,Espace Export 77,4,Kairouan,5,2026-05-29,draft,3076.22
94,68,Citrus Pro 68,5,Gabes,6,2025-07-18,validated,5807.43
95,25,Espace Nord 25,2,Sfax,3,2025-09-24,cancelled,2062.77
96,70,Citrus Services 70,5,Gabes,6,2026-02-25,delivered,7796.02
97,20,Terra Nature 20,5,Gabes,6,2025-08-23,delivered,1331.86
98,47,Olive Culture 47,3,Beja,4,2026-05-13,validated,8782.32
99,40,Green Nord 40,3,Beja,4,2026-01-27,draft,4647.76
100,60,Citrus Plus 60,4,Kairouan,5,2025-10-23,validated,3998.87
101,62,Espace Services 62,5,Gabes,6,2025-12-08,delivered,3960.54
102,16,Citrus Nord 16,4,Kairouan,5,2025-10-24,delivered,1016.19
103,56,Domaine Nord 56,3,Beja,4,2025-07-17,draft,1194.6
104,54,Ferme Export 54,2,Sfax,3,2025-06-28,delivered,2868.02
105,41,Ferme Culture 41,1,Nabeul,2,2025-07-21,validated,5150.14
106,18,Société Culture 18,3,Beja,4,2026-05-28,delivered,176.82
107,3,Ferme Culture 3,5,Gabes,6,2025-10-10,delivered,3066.04
108,55,Citrus Export 55,3,Beja,4,2025-07-27,validated,1099.81
109,54,Ferme Export 54,2,Sfax,3,2026-04-24,validated,4561.09
110,66,Coopérative Services 66,5,Gabes,6,2026-03-22,delivered,2069.95
111,46,Coopérative Fertile 46,1,Nabeul,2,2025-10-02,delivered,3403.44
112,9,Espace Pro 9,3,Beja,4,2026-02-25,delivered,1148.32
113,6,Citrus Sud 6,1,Nabeul,2,2026-04-22,delivered,3228.14
114,31,Green Services 31,4,Kairouan,5,2026-05-03,validated,6475.29
115,23,Terra Export 23,2,Sfax,3,2026-05-17,delivered,5800.79
116,38,Agri Verte 38,2,Sfax,3,2025-09-12,delivered,741.01
117,66,Coopérative Services 66,5,Gabes,6,2025-12-21,cancelled,3185.25
118,43,Citrus Nord 43,3,Beja,4,2025-10-18,delivered,3944.9
119,44,Green Culture 44,2,Sfax,3,2025-09-04,delivered,5641.89
120,11,Espace Nord 11,5,Gabes,6,2026-01-07,validated,1711.32
121,11,Espace Nord 11,5,Gabes,6,2025-11-15,validated,7857.03
122,57,Citrus Sud 57,3,Beja,4,2025-11-27,delivered,5228.96
123,52,Ferme Fertile 52,4,Kairouan,5,2025-12-04,delivered,9280.09
124,57,Citrus Sud 57,3,Beja,4,2025-06-18,delivered,3372.36
125,50,Coopérative Verte 50,3,Beja,4,2026-03-18,delivered,2964.72
126,57,Citrus Sud 57,3,Beja,4,2025-07-10,delivered,1363.1
127,4,Société Export 4,1,Nabeul,2,2025-09-04,delivered,5593.35
128,79,Domaine Export 79,4,Kairouan,5,2025-10-25,validated,5647.07
129,57,Citrus Sud 57,3,Beja,4,2025-07-15,validated,6488.26
130,38,Agri Verte 38,2,Sfax,3,2025-11-01,draft,2943.06
131,16,Citrus Nord 16,4,Kairouan,5,2025-09-11,validated,2627.92
132,71,Domaine Culture 71,3,Beja,4,2026-03-21,delivered,1073.96
133,40,Green Nord 40,3,Beja,4,2025-12-21,cancelled,4685.48
134,10,Société Culture 10,1,Nabeul,2,2026-01-17,delivered,6581.82
135,24,Coopérative Nature 24,2,Sfax,3,2025-08-06,delivered,339.6
136,67,Green Export 67,1,Nabeul,2,2025-08-18,delivered,2005.8
137,45,Domaine Culture 45,3,Beja,4,2026-02-21,draft,217.24
138,71,Domaine Culture 71,3,Beja,4,2025-10-19,delivered,6676.58
139,76,Coopérative Culture 76,4,Kairouan,5,2026-03-25,delivered,628.47
140,6,Citrus Sud 6,1,Nabeul,2,2026-04-25,validated,6385.63
141,4,Société Export 4,1,Nabeul,2,2026-02-10,draft,5587.02
142,39,Domaine Pro 39,5,Gabes,6,2026-01-19,delivered,2167.52
143,54,Ferme Export 54,2,Sfax,3,2026-02-03,delivered,9188.7
144,45,Domaine Culture 45,3,Beja,4,2025-12-22,delivered,3829.38
145,16,Citrus Nord 16,4,Kairouan,5,2025-10-15,delivered,1407.97
146,79,Domaine Export 79,4,Kairouan,5,2026-01-01,delivered,2896.32
147,41,Ferme Culture 41,1,Nabeul,2,2025-09-06,validated,2970.92
148,51,Société Export 51,2,Sfax,3,2026-02-14,delivered,784.14
149,7,Espace Verte 7,5,Gabes,6,2025-10-23,delivered,4253.17
150,47,Olive Culture 47,3,Beja,4,2025-12-24,delivered,2704.19
151,50,Coopérative Verte 50,3,Beja,4,2026-02-14,delivered,3550.1
152,13,Société Pro 13,4,Kairouan,5,2025-12-19,delivered,5877.69
153,66,Coopérative Services 66,5,Gabes,6,2025-12-23,delivered,126.33
154,43,Citrus Nord 43,3,Beja,4,2026-01-29,delivered,4302.36
155,42,Espace Fertile 42,1,Nabeul,2,2026-04-10,delivered,8504.71
156,69,Terra Nature 69,5,Gabes,6,2026-02-06,validated,8362.66
157,15,Société Export 15,1,Nabeul,2,2025-12-31,delivered,3588.56
158,34,Citrus Services 34,4,Kairouan,5,2026-05-02,validated,1349.48
159,22,Citrus Plus 22,1,Nabeul,2,2026-02-24,validated,6687.13
160,25,Espace Nord 25,2,Sfax,3,2025-06-10,delivered,9991.68
161,8,Green Pro 8,2,Sfax,3,2026-05-28,delivered,3169.05
162,68,Citrus Pro 68,5,Gabes,6,2025-12-10,delivered,2793.42
163,70,Citrus Services 70,5,Gabes,6,2025-11-29,validated,4773.14
164,39,Domaine Pro 39,5,Gabes,6,2025-09-24,draft,9548.04
165,63,Société Sud 63,4,Kairouan,5,2025-11-10,delivered,5204.31
166,51,Société Export 51,2,Sfax,3,2025-11-24,cancelled,1551.57
167,11,Espace Nord 11,5,Gabes,6,2025-11-25,draft,4542.94
168,72,Ferme Fertile 72,1,Nabeul,2,2026-05-23,delivered,5382.84
169,76,Coopérative Culture 76,4,Kairouan,5,2025-10-01,delivered,857.68
170,53,Ferme Pro 53,1,Nabeul,2,2025-11-17,validated,954.96
171,1,Domaine Pro 1,1,Nabeul,2,2026-03-09,cancelled,2472.4
172,26,Agri Nature 26,1,Nabeul,2,2025-10-26,delivered,403.74
173,74,Agri Pro 74,5,Gabes,6,2025-09-27,delivered,605.61
174,54,Ferme Export 54,2,Sfax,3,2025-08-30,draft,1188.6
175,64,Ferme Fertile 64,3,Beja,4,2025-09-04,draft,5362.75
176,14,Ferme Plus 14,5,Gabes,6,2025-11-19,delivered,4056.89
177,43,Citrus Nord 43,3,Beja,4,2025-08-23,validated,9156.16
178,73,Coopérative Plus 73,2,Sfax,3,2026-05-12,validated,6301.37
179,55,Citrus Export 55,3,Beja,4,2026-02-19,delivered,5400.75
180,34,Citrus Services 34,4,Kairouan,5,2025-12-14,delivered,3419.22
181,34,Citrus Services 34,4,Kairouan,5,2026-05-01,delivered,2630.78
182,40,Green Nord 40,3,Beja,4,2025-08-21,delivered,4765.94
183,29,Green Nord 29,1,Nabeul,2,2025-09-21,cancelled,9090.39
184,61,Domaine Export 61,2,Sfax,3,2026-03-03,validated,8503.38
185,11,Espace Nord 11,5,Gabes,6,2026-02-25,delivered,1536.99
186,65,Olive Verte 65,1,Nabeul,2,2025-09-12,delivered,3237.34
187,15,Société Export 15,1,Nabeul,2,2026-05-15,delivered,2972.43
188,54,Ferme Export 54,2,Sfax,3,2026-01-20,delivered,3101.17
189,28,Green Export 28,4,Kairouan,5,2026-03-24,delivered,2023.79
190,37,Green Pro 37,2,Sfax,3,2025-12-27,delivered,6621.74
191,54,Ferme Export 54,2,Sfax,3,2025-12-09,cancelled,5420.71
192,70,Citrus Services 70,5,Gabes,6,2025-08-08,validated,4643.35
193,29,Green Nord 29,1,Nabeul,2,2025-06-02,validated,4721.78
194,49,Agri Nature 49,3,Beja,4,2025-09-26,delivered,5432.99
195,54,Ferme Export 54,2,Sfax,3,2026-04-11,validated,1469.4
196,9,Espace Pro 9,3,Beja,4,2025-07-22,delivered,7197.87
197,52,Ferme Fertile 52,4,Kairouan,5,2026-01-11,delivered,1024.98
198,65,Olive Verte 65,1,Nabeul,2,2025-10-27,delivered,5860.14
199,39,Domaine Pro 39,5,Gabes,6,2025-08-13,cancelled,1139.6
200,72,Ferme Fertile 72,1,Nabeul,2,2026-03-30,draft,3725.74
201,64,Ferme Fertile 64,3,Beja,4,2025-06-25,cancelled,5519.33
202,49,Agri Nature 49,3,Beja,4,2025-09-03,validated,6834.24
203,53,Ferme Pro 53,1,Nabeul,2,2025-12-31,delivered,2187.1
204,43,Citrus Nord 43,3,Beja,4,2026-04-28,delivered,4351.19
205,49,Agri Nature 49,3,Beja,4,2026-05-11,validated,390.6
206,25,Espace Nord 25,2,Sfax,3,2026-03-28,validated,2940.75
207,2,Coopérative Nord 2,5,Gabes,6,2025-09-17,draft,810.08
208,32,Ferme Plus 32,1,Nabeul,2,2026-05-23,validated,2390.99
209,42,Espace Fertile 42,1,Nabeul,2,2025-10-23,delivered,3998.69
210,13,Société Pro 13,4,Kairouan,5,2026-01-27,validated,2186.37
211,73,Coopérative Plus 73,2,Sfax,3,2025-09-22,validated,488.79
212,75,Terra Export 75,1,Nabeul,2,2026-03-24,validated,3501.99
213,32,Ferme Plus 32,1,Nabeul,2,2026-02-11,delivered,7571.24
214,63,Société Sud 63,4,Kairouan,5,2026-01-22,delivered,6218.96
215,70,Citrus Services 70,5,Gabes,6,2026-04-25,cancelled,339.6
216,7,Espace Verte 7,5,Gabes,6,2025-06-04,delivered,709.34
217,28,Green Export 28,4,Kairouan,5,2026-02-14,delivered,4934.27
218,79,Domaine Export 79,4,Kairouan,5,2026-02-03,validated,4049.64
219,71,Domaine Culture 71,3,Beja,4,2025-12-28,delivered,9399.79
220,56,Domaine Nord 56,3,Beja,4,2025-08-31,delivered,593.19
221,31,Green Services 31,4,Kairouan,5,2025-09-07,validated,1934.7
222,52,Ferme Fertile 52,4,Kairouan,5,2026-01-22,delivered,3920.02
223,5,Coopérative Sud 5,3,Beja,4,2025-07-18,delivered,5376.36
224,64,Ferme Fertile 64,3,Beja,4,2026-01-09,validated,2241.46
225,28,Green Export 28,4,Kairouan,5,2026-05-21,draft,3522.39
226,5,Coopérative Sud 5,3,Beja,4,2025-08-31,draft,3560.16
227,10,Société Culture 10,1,Nabeul,2,2025-11-01,delivered,2766.6
228,70,Citrus Services 70,5,Gabes,6,2025-11-17,delivered,3683.56
229,65,Olive Verte 65,1,Nabeul,2,2025-11-25,delivered,6968.12
230,42,Espace Fertile 42,1,Nabeul,2,2025-06-16,validated,8365.33
231,75,Terra Export 75,1,Nabeul,2,2026-05-05,delivered,3402.24
232,20,Terra Nature 20,5,Gabes,6,2025-12-12,validated,1468.8
233,14,Ferme Plus 14,5,Gabes,6,2025-07-17,delivered,2616.48
234,12,Ferme Verte 12,4,Kairouan,5,2025-09-04,delivered,5902.48
235,42,Espace Fertile 42,1,Nabeul,2,2025-12-15,delivered,4857.12
236,22,Citrus Plus 22,1,Nabeul,2,2026-05-17,delivered,1945.55
237,19,Société Nature 19,5,Gabes,6,2025-07-03,delivered,3622.89
238,32,Ferme Plus 32,1,Nabeul,2,2026-04-17,delivered,1640.6
239,1,Domaine Pro 1,1,Nabeul,2,2025-12-20,delivered,5625.28
240,18,Société Culture 18,3,Beja,4,2025-11-01,delivered,1896.17
241,41,Ferme Culture 41,1,Nabeul,2,2025-10-28,validated,5237.51
242,15,Société Export 15,1,Nabeul,2,2026-03-16,delivered,3303.96
243,60,Citrus Plus 60,4,Kairouan,5,2026-05-29,delivered,6747.34
244,18,Société Culture 18,3,Beja,4,2026-04-21,delivered,6150.49
245,58,Agri Culture 58,1,Nabeul,2,2026-04-03,delivered,5981.88
246,47,Olive Culture 47,3,Beja,4,2026-05-26,draft,890.56
247,46,Coopérative Fertile 46,1,Nabeul,2,2025-08-25,validated,1412.4
248,52,Ferme Fertile 52,4,Kairouan,5,2025-11-17,cancelled,11198.22
249,75,Terra Export 75,1,Nabeul,2,2026-05-19,delivered,9808.04
250,20,Terra Nature 20,5,Gabes,6,2025-11-24,cancelled,3702.23
251,45,Domaine Culture 45,3,Beja,4,2025-11-07,delivered,4378.78
252,13,Société Pro 13,4,Kairouan,5,2026-01-11,validated,1839.75
253,14,Ferme Plus 14,5,Gabes,6,2026-05-13,validated,2592.39
254,43,Citrus Nord 43,3,Beja,4,2026-03-14,delivered,4734.63
255,56,Domaine Nord 56,3,Beja,4,2025-12-20,delivered,2129.4
256,1,Domaine Pro 1,1,Nabeul,2,2026-05-27,delivered,5746.0
257,69,Terra Nature 69,5,Gabes,6,2025-09-04,delivered,3328.04
258,63,Société Sud 63,4,Kairouan,5,2026-02-26,cancelled,2528.78
259,59,Green Fertile 59,3,Beja,4,2026-04-13,delivered,5723.21
260,41,Ferme Culture 41,1,Nabeul,2,2025-07-31,delivered,1625.64
261,19,Société Nature 19,5,Gabes,6,2026-02-17,delivered,1329.42
262,63,Société Sud 63,4,Kairouan,5,2026-04-22,delivered,3078.46
263,18,Société Culture 18,3,Beja,4,2025-09-04,delivered,2211.83
264,50,Coopérative Verte 50,3,Beja,4,2026-03-15,delivered,6112.39
265,73,Coopérative Plus 73,2,Sfax,3,2025-06-16,validated,1214.69
266,69,Terra Nature 69,5,Gabes,6,2025-10-26,delivered,6935.6
267,15,Société Export 15,1,Nabeul,2,2025-10-16,validated,5765.71
268,70,Citrus Services 70,5,Gabes,6,2025-09-20,cancelled,1113.86
269,32,Ferme Plus 32,1,Nabeul,2,2025-10-31,draft,879.0
270,45,Domaine Culture 45,3,Beja,4,2025-07-15,delivered,1756.32
271,27,Société Verte 27,4,Kairouan,5,2026-03-29,validated,5648.83
272,45,Domaine Culture 45,3,Beja,4,2026-02-28,delivered,2699.6
273,74,Agri Pro 74,5,Gabes,6,2025-10-15,cancelled,3042.13
274,8,Green Pro 8,2,Sfax,3,2025-10-20,draft,2101.38
275,19,Société Nature 19,5,Gabes,6,2026-05-31,delivered,6018.48
276,63,Société Sud 63,4,Kairouan,5,2025-08-12,delivered,2934.92
277,12,Ferme Verte 12,4,Kairouan,5,2025-12-24,delivered,4962.6
278,42,Espace Fertile 42,1,Nabeul,2,2026-03-25,delivered,810.08
279,46,Coopérative Fertile 46,1,Nabeul,2,2025-07-03,validated,4906.17
280,71,Domaine Culture 71,3,Beja,4,2026-03-23,delivered,4011.82
281,59,Green Fertile 59,3,Beja,4,2025-06-09,delivered,3030.44
282,17,Espace Sud 17,3,Beja,4,2026-04-29,delivered,1955.48
283,22,Citrus Plus 22,1,Nabeul,2,2025-06-27,delivered,8315.34
284,12,Ferme Verte 12,4,Kairouan,5,2026-05-27,delivered,2094.75
285,29,Green Nord 29,1,Nabeul,2,2026-02-21,validated,5399.52
286,44,Green Culture 44,2,Sfax,3,2025-08-01,cancelled,6677.59
287,14,Ferme Plus 14,5,Gabes,6,2025-07-23,delivered,7712.59
288,19,Société Nature 19,5,Gabes,6,2025-07-06,delivered,4934.27
289,22,Citrus Plus 22,1,Nabeul,2,2026-01-12,delivered,1077.76
290,79,Domaine Export 79,4,Kairouan,5,2026-05-18,delivered,444.75
291,16,Citrus Nord 16,4,Kairouan,5,2026-03-29,validated,2125.75
292,11,Espace Nord 11,5,Gabes,6,2025-10-06,delivered,8830.02
293,67,Green Export 67,1,Nabeul,2,2026-04-07,delivered,2582.85
294,31,Green Services 31,4,Kairouan,5,2026-02-11,validated,197.73
295,47,Olive Culture 47,3,Beja,4,2025-11-10,delivered,5139.62
296,9,Espace Pro 9,3,Beja,4,2025-06-08,delivered,201.87
297,51,Société Export 51,2,Sfax,3,2026-02-15,delivered,8196.77
298,20,Terra Nature 20,5,Gabes,6,2025-10-21,delivered,790.92
299,20,Terra Nature 20,5,Gabes,6,2026-03-02,delivered,2511.0
300,56,Domaine Nord 56,3,Beja,4,2025-10-01,delivered,1413.09
301,15,Société Export 15,1,Nabeul,2,2026-01-19,validated,2301.75
302,23,Terra Export 23,2,Sfax,3,2025-08-01,delivered,4919.86
303,45,Domaine Culture 45,3,Beja,4,2026-02-23,delivered,9516.96
304,16,Citrus Nord 16,4,Kairouan,5,2025-06-16,delivered,6418.13
305,59,Green Fertile 59,3,Beja,4,2026-02-17,delivered,3870.98
306,15,Société Export 15,1,Nabeul,2,2025-09-25,validated,42.11
307,32,Ferme Plus 32,1,Nabeul,2,2025-06-24,delivered,9708.06
308,54,Ferme Export 54,2,Sfax,3,2025-09-23,delivered,2124.12
309,65,Olive Verte 65,1,Nabeul,2,2026-05-11,draft,3539.77
310,52,Ferme Fertile 52,4,Kairouan,5,2025-07-06,draft,4908.33
311,59,Green Fertile 59,3,Beja,4,2025-06-05,delivered,4714.0
312,60,Citrus Plus 60,4,Kairouan,5,2025-12-06,delivered,4781.07
313,53,Ferme Pro 53,1,Nabeul,2,2025-06-13,delivered,1581.84
314,49,Agri Nature 49,3,Beja,4,2025-11-05,delivered,1383.22
315,36,Citrus Plus 36,5,Gabes,6,2025-07-18,delivered,2162.79
316,48,Espace Verte 48,2,Sfax,3,2026-01-21,cancelled,256.8
317,65,Olive Verte 65,1,Nabeul,2,2025-08-08,validated,2471.35
318,34,Citrus Services 34,4,Kairouan,5,2025-11-09,draft,4904.5
319,10,Société Culture 10,1,Nabeul,2,2025-09-12,delivered,869.18
320,22,Citrus Plus 22,1,Nabeul,2,2026-01-17,delivered,7177.56
321,34,Citrus Services 34,4,Kairouan,5,2025-08-01,delivered,4621.46
322,19,Société Nature 19,5,Gabes,6,2025-07-17,validated,2778.14
323,23,Terra Export 23,2,Sfax,3,2025-06-16,cancelled,3473.61
324,2,Coopérative Nord 2,5,Gabes,6,2025-07-02,validated,3697.87
325,11,Espace Nord 11,5,Gabes,6,2026-03-26,delivered,899.92
326,26,Agri Nature 26,1,Nabeul,2,2026-04-27,delivered,715.38
327,6,Citrus Sud 6,1,Nabeul,2,2026-01-23,delivered,5250.91
328,23,Terra Export 23,2,Sfax,3,2025-11-29,delivered,338.73
329,79,Domaine Export 79,4,Kairouan,5,2026-04-14,validated,5168.42
330,12,Ferme Verte 12,4,Kairouan,5,2025-10-22,delivered,4550.62
331,3,Ferme Culture 3,5,Gabes,6,2025-12-13,validated,6821.42
332,65,Olive Verte 65,1,Nabeul,2,2025-11-12,delivered,4899.04
333,4,Société Export 4,1,Nabeul,2,2025-10-22,delivered,2813.04
334,31,Green Services 31,4,Kairouan,5,2025-10-15,delivered,1756.32
335,74,Agri Pro 74,5,Gabes,6,2025-12-16,delivered,4913.5
336,46,Coopérative Fertile 46,1,Nabeul,2,2026-03-30,delivered,5484.96
337,23,Terra Export 23,2,Sfax,3,2026-02-07,delivered,3673.5
338,29,Green Nord 29,1,Nabeul,2,2025-06-11,delivered,998.6
339,26,Agri Nature 26,1,Nabeul,2,2025-08-06,delivered,1444.84
340,3,Ferme Culture 3,5,Gabes,6,2025-08-15,delivered,5287.56
341,10,Société Culture 10,1,Nabeul,2,2025-12-09,validated,4248.9
342,56,Domaine Nord 56,3,Beja,4,2026-04-24,cancelled,8944.7
343,29,Green Nord 29,1,Nabeul,2,2026-05-07,delivered,4233.48
344,38,Agri Verte 38,2,Sfax,3,2025-08-05,delivered,4400.6
345,51,Société Export 51,2,Sfax,3,2026-03-18,delivered,7863.0
346,14,Ferme Plus 14,5,Gabes,6,2026-02-10,delivered,2204.1
347,41,Ferme Culture 41,1,Nabeul,2,2025-08-25,validated,2037.6
348,43,Citrus Nord 43,3,Beja,4,2026-01-15,delivered,3375.06
349,33,Société Export 33,4,Kairouan,5,2025-07-26,validated,1148.32
350,54,Ferme Export 54,2,Sfax,3,2025-08-25,draft,4741.61
351,29,Green Nord 29,1,Nabeul,2,2025-08-23,delivered,209.25
352,41,Ferme Culture 41,1,Nabeul,2,2025-10-12,cancelled,299.58
353,49,Agri Nature 49,3,Beja,4,2025-08-22,validated,998.6
354,79,Domaine Export 79,4,Kairouan,5,2026-02-03,validated,2299.07
355,43,Citrus Nord 43,3,Beja,4,2025-09-14,cancelled,9946.82
356,37,Green Pro 37,2,Sfax,3,2025-10-31,delivered,1435.4
357,71,Domaine Culture 71,3,Beja,4,2026-02-07,delivered,5283.93
358,77,Espace Export 77,4,Kairouan,5,2026-02-01,delivered,327.87
359,38,Agri Verte 38,2,Sfax,3,2025-07-12,delivered,1464.75
360,61,Domaine Export 61,2,Sfax,3,2026-02-06,draft,2290.08
361,49,Agri Nature 49,3,Beja,4,2025-12-07,delivered,434.48
362,60,Citrus Plus 60,4,Kairouan,5,2025-10-13,delivered,2873.19
363,11,Espace Nord 11,5,Gabes,6,2026-05-09,delivered,6152.32
364,69,Terra Nature 69,5,Gabes,6,2026-05-18,draft,8178.87
365,5,Coopérative Sud 5,3,Beja,4,2026-02-13,delivered,3098.36
366,22,Citrus Plus 22,1,Nabeul,2,2025-09-17,validated,2130.99
367,56,Domaine Nord 56,3,Beja,4,2025-09-12,cancelled,3540.42
368,9,Espace Pro 9,3,Beja,4,2025-07-15,delivered,3585.13
369,80,Coopérative Fertile 80,4,Kairouan,5,2026-03-28,delivered,5213.08
370,73,Coopérative Plus 73,2,Sfax,3,2025-07-22,validated,3100.12
371,74,Agri Pro 74,5,Gabes,6,2026-04-08,delivered,1598.33
372,78,Coopérative Verte 78,5,Gabes,6,2026-05-15,validated,861.24
373,31,Green Services 31,4,Kairouan,5,2025-06-26,validated,3830.86
374,36,Citrus Plus 36,5,Gabes,6,2026-02-07,draft,781.2
375,18,Société Culture 18,3,Beja,4,2025-11-01,cancelled,8053.57
376,12,Ferme Verte 12,4,Kairouan,5,2025-09-05,delivered,5551.52
377,9,Espace Pro 9,3,Beja,4,2025-11-07,validated,6161.8
378,26,Agri Nature 26,1,Nabeul,2,2025-06-30,delivered,5958.99
379,65,Olive Verte 65,1,Nabeul,2,2025-12-21,validated,318.32
380,31,Green Services 31,4,Kairouan,5,2025-12-08,delivered,6389.76
381,34,Citrus Services 34,4,Kairouan,5,2026-05-19,delivered,143.54
382,21,Ferme Verte 21,3,Beja,4,2026-03-20,validated,3617.7
383,27,Société Verte 27,4,Kairouan,5,2025-10-16,validated,2148.3
384,2,Coopérative Nord 2,5,Gabes,6,2026-01-29,draft,1383.05
385,33,Société Export 33,4,Kairouan,5,2026-04-08,validated,4267.14
386,59,Green Fertile 59,3,Beja,4,2025-10-08,delivered,6265.31
387,14,Ferme Plus 14,5,Gabes,6,2025-06-04,delivered,5012.45
388,14,Ferme Plus 14,5,Gabes,6,2026-02-02,delivered,3262.5
389,39,Domaine Pro 39,5,Gabes,6,2025-09-05,delivered,1178.87
390,41,Ferme Culture 41,1,Nabeul,2,2026-05-15,delivered,983.84
391,38,Agri Verte 38,2,Sfax,3,2025-10-11,draft,3673.92
392,29,Green Nord 29,1,Nabeul,2,2026-05-18,delivered,6055.2
393,24,Coopérative Nature 24,2,Sfax,3,2025-10-29,delivered,1703.91
394,24,Coopérative Nature 24,2,Sfax,3,2026-05-15,draft,2204.1
395,29,Green Nord 29,1,Nabeul,2,2025-11-05,delivered,1741.88
396,61,Domaine Export 61,2,Sfax,3,2025-06-28,draft,1596.2
397,65,Olive Verte 65,1,Nabeul,2,2025-08-01,draft,2217.88
398,53,Ferme Pro 53,1,Nabeul,2,2026-03-19,draft,5706.25
399,23,Terra Export 23,2,Sfax,3,2025-11-08,validated,879.0
400,27,Société Verte 27,4,Kairouan,5,2025-08-26,delivered,1498.96
401,79,Domaine Export 79,4,Kairouan,5,2026-01-09,validated,9751.2
402,48,Espace Verte 48,2,Sfax,3,2025-06-08,draft,3951.48
403,32,Ferme Plus 32,1,Nabeul,2,2025-09-24,validated,7602.46
404,40,Green Nord 40,3,Beja,4,2025-08-25,delivered,1046.25
405,59,Green Fertile 59,3,Beja,4,2026-02-22,delivered,3635.23
406,46,Coopérative Fertile 46,1,Nabeul,2,2025-09-05,delivered,10655.2
407,65,Olive Verte 65,1,Nabeul,2,2025-08-26,delivered,1578.94
408,33,Société Export 33,4,Kairouan,5,2026-03-01,validated,636.64
409,3,Ferme Culture 3,5,Gabes,6,2025-06-25,validated,5345.41
410,27,Société Verte 27,4,Kairouan,5,2026-05-22,validated,1464.75
411,13,Société Pro 13,4,Kairouan,5,2026-05-06,delivered,1900.34
412,80,Coopérative Fertile 80,4,Kairouan,5,2025-07-31,delivered,1596.2
413,78,Coopérative Verte 78,5,Gabes,6,2025-09-11,validated,3671.14
414,21,Ferme Verte 21,3,Beja,4,2025-06-21,delivered,4731.7
415,31,Green Services 31,4,Kairouan,5,2025-06-02,delivered,403.74
416,74,Agri Pro 74,5,Gabes,6,2026-05-09,delivered,3951.72
417,10,Société Culture 10,1,Nabeul,2,2025-07-22,draft,2553.0
418,7,Espace Verte 7,5,Gabes,6,2025-07-22,validated,976.5
419,47,Olive Culture 47,3,Beja,4,2026-05-13,delivered,222.64
420,2,Coopérative Nord 2,5,Gabes,6,2025-08-10,validated,2900.08
421,35,Citrus Nord 35,1,Nabeul,2,2025-07-18,delivered,4395.4
422,50,Coopérative Verte 50,3,Beja,4,2026-05-20,draft,6565.91
423,8,Green Pro 8,2,Sfax,3,2025-08-21,delivered,5267.9
424,79,Domaine Export 79,4,Kairouan,5,2025-06-15,draft,3596.14
425,53,Ferme Pro 53,1,Nabeul,2,2026-01-12,delivered,6623.86
426,74,Agri Pro 74,5,Gabes,6,2026-03-17,delivered,8410.15
427,32,Ferme Plus 32,1,Nabeul,2,2026-02-02,delivered,5703.68
428,21,Ferme Verte 21,3,Beja,4,2026-02-14,validated,6181.56
429,36,Citrus Plus 36,5,Gabes,6,2025-06-26,delivered,6898.3
430,12,Ferme Verte 12,4,Kairouan,5,2026-02-11,delivered,4788.6
431,3,Ferme Culture 3,5,Gabes,6,2025-07-23,delivered,1939.23
432,1,Domaine Pro 1,1,Nabeul,2,2025-07-17,validated,4898.84
433,59,Green Fertile 59,3,Beja,4,2025-11-22,delivered,679.2
434,59,Green Fertile 59,3,Beja,4,2025-11-17,delivered,4531.28
435,1,Domaine Pro 1,1,Nabeul,2,2025-11-22,delivered,3191.22
436,22,Citrus Plus 22,1,Nabeul,2,2026-02-08,delivered,4576.33
437,59,Green Fertile 59,3,Beja,4,2025-09-06,validated,3073.56
438,6,Citrus Sud 6,1,Nabeul,2,2026-04-21,validated,3512.64
439,59,Green Fertile 59,3,Beja,4,2026-05-04,delivered,8990.97
440,7,Espace Verte 7,5,Gabes,6,2026-03-11,draft,8968.26
441,17,Espace Sud 17,3,Beja,4,2025-07-24,delivered,3990.69
442,32,Ferme Plus 32,1,Nabeul,2,2025-10-19,delivered,2790.49
443,78,Coopérative Verte 78,5,Gabes,6,2026-05-25,draft,8885.16
444,71,Domaine Culture 71,3,Beja,4,2026-04-20,delivered,7083.51
445,45,Domaine Culture 45,3,Beja,4,2026-05-11,delivered,4742.93
446,42,Espace Fertile 42,1,Nabeul,2,2026-05-30,delivered,8085.05
447,54,Ferme Export 54,2,Sfax,3,2026-05-12,validated,2218.25
448,4,Société Export 4,1,Nabeul,2,2025-12-13,delivered,546.45
449,21,Ferme Verte 21,3,Beja,4,2025-10-25,validated,2248.15
450,27,Société Verte 27,4,Kairouan,5,2026-03-05,delivered,11309.85
451,72,Ferme Fertile 72,1,Nabeul,2,2025-12-17,delivered,5603.43
452,41,Ferme Culture 41,1,Nabeul,2,2026-03-10,delivered,4816.9
453,48,Espace Verte 48,2,Sfax,3,2026-03-29,delivered,2262.62
454,58,Agri Culture 58,1,Nabeul,2,2025-08-30,cancelled,812.82
455,66,Coopérative Services 66,5,Gabes,6,2025-08-01,delivered,3680.68
456,60,Citrus Plus 60,4,Kairouan,5,2026-05-30,draft,2607.54
457,77,Espace Export 77,4,Kairouan,5,2025-06-27,validated,5249.97
458,41,Ferme Culture 41,1,Nabeul,2,2026-02-25,delivered,2048.85
459,54,Ferme Export 54,2,Sfax,3,2026-03-06,delivered,840.48
460,28,Green Export 28,4,Kairouan,5,2026-05-06,delivered,6588.75
461,72,Ferme Fertile 72,1,Nabeul,2,2026-04-29,delivered,6491.4
462,32,Ferme Plus 32,1,Nabeul,2,2025-06-21,validated,2868.27
463,70,Citrus Services 70,5,Gabes,6,2025-10-23,delivered,2694.46
464,25,Espace Nord 25,2,Sfax,3,2025-11-12,delivered,2438.46
465,69,Terra Nature 69,5,Gabes,6,2025-06-04,validated,2626.06
466,55,Citrus Export 55,3,Beja,4,2025-07-24,delivered,2762.02
467,43,Citrus Nord 43,3,Beja,4,2025-06-20,delivered,1354.7
468,72,Ferme Fertile 72,1,Nabeul,2,2025-07-07,delivered,1793.26
469,58,Agri Culture 58,1,Nabeul,2,2026-04-19,delivered,2510.1
470,80,Coopérative Fertile 80,4,Kairouan,5,2025-07-03,validated,880.12
471,46,Coopérative Fertile 46,1,Nabeul,2,2026-02-13,delivered,5681.63
472,4,Société Export 4,1,Nabeul,2,2026-01-29,delivered,3953.47
473,38,Agri Verte 38,2,Sfax,3,2026-04-21,delivered,5086.65
474,6,Citrus Sud 6,1,Nabeul,2,2025-06-03,delivered,6829.5
475,28,Green Export 28,4,Kairouan,5,2025-12-29,draft,4546.15
476,25,Espace Nord 25,2,Sfax,3,2025-07-29,delivered,1757.7
477,60,Citrus Plus 60,4,Kairouan,5,2026-04-27,delivered,1647.4
478,75,Terra Export 75,1,Nabeul,2,2026-02-05,cancelled,2989.9
479,80,Coopérative Fertile 80,4,Kairouan,5,2025-07-06,draft,6423.6
480,75,Terra Export 75,1,Nabeul,2,2025-08-18,delivered,1917.14
481,32,Ferme Plus 32,1,Nabeul,2,2025-09-22,validated,7372.45
482,60,Citrus Plus 60,4,Kairouan,5,2026-01-15,delivered,5793.72
483,11,Espace Nord 11,5,Gabes,6,2025-10-22,draft,1430.99
484,10,Société Culture 10,1,Nabeul,2,2025-07-09,draft,1698.0
485,75,Terra Export 75,1,Nabeul,2,2025-12-25,validated,2027.38
486,70,Citrus Services 70,5,Gabes,6,2026-03-04,delivered,2275.88
487,38,Agri Verte 38,2,Sfax,3,2025-08-08,delivered,861.24
488,65,Olive Verte 65,1,Nabeul,2,2025-06-06,validated,2899.08
489,21,Ferme Verte 21,3,Beja,4,2025-08-31,delivered,1006.61
490,29,Green Nord 29,1,Nabeul,2,2026-02-05,delivered,4159.71
491,47,Olive Culture 47,3,Beja,4,2025-12-16,delivered,2887.42
492,36,Citrus Plus 36,5,Gabes,6,2025-10-13,delivered,1742.66
493,76,Coopérative Culture 76,4,Kairouan,5,2026-05-01,draft,988.65
494,49,Agri Nature 49,3,Beja,4,2025-09-23,delivered,5022.0
495,1,Domaine Pro 1,1,Nabeul,2,2026-02-12,draft,5769.32
496,24,Coopérative Nature 24,2,Sfax,3,2025-08-20,delivered,1273.28
497,54,Ferme Export 54,2,Sfax,3,2025-11-17,validated,6237.94
498,32,Ferme Plus 32,1,Nabeul,2,2025-06-23,delivered,4034.29
499,74,Agri Pro 74,5,Gabes,6,2025-08-15,delivered,6099.79
500,3,Ferme Culture 3,5,Gabes,6,2026-05-05,validated,874.32
501,78,Coopérative Verte 78,5,Gabes,6,2026-01-28,draft,4269.45
502,19,Société Nature 19,5,Gabes,6,2026-03-26,validated,5628.73
503,22,Citrus Plus 22,1,Nabeul,2,2026-05-18,delivered,5042.77
504,3,Ferme Culture 3,5,Gabes,6,2025-09-12,delivered,10698.22
505,5,Coopérative Sud 5,3,Beja,4,2026-02-28,delivered,718.08
506,17,Espace Sud 17,3,Beja,4,2026-04-05,delivered,972.51
507,56,Domaine Nord 56,3,Beja,4,2026-02-23,delivered,3960.54
508,55,Citrus Export 55,3,Beja,4,2025-09-26,draft,11428.84
509,13,Société Pro 13,4,Kairouan,5,2026-01-04,delivered,6491.31
510,53,Ferme Pro 53,1,Nabeul,2,2025-10-10,delivered,1155.6
511,16,Citrus Nord 16,4,Kairouan,5,2026-02-22,delivered,4275.7
512,47,Olive Culture 47,3,Beja,4,2025-07-25,delivered,3625.99
513,79,Domaine Export 79,4,Kairouan,5,2025-10-20,cancelled,6677.07
514,72,Ferme Fertile 72,1,Nabeul,2,2026-03-12,delivered,8280.6
515,18,Société Culture 18,3,Beja,4,2026-05-04,delivered,2810.46
516,13,Société Pro 13,4,Kairouan,5,2025-09-18,delivered,10556.45
517,7,Espace Verte 7,5,Gabes,6,2025-08-22,delivered,467.24
518,19,Société Nature 19,5,Gabes,6,2026-01-28,draft,3611.41
519,50,Coopérative Verte 50,3,Beja,4,2025-12-23,validated,6591.33
520,57,Citrus Sud 57,3,Beja,4,2025-06-06,delivered,3574.47
521,30,Ferme Culture 30,1,Nabeul,2,2026-04-11,delivered,840.48
522,1,Domaine Pro 1,1,Nabeul,2,2025-08-20,delivered,7305.5
523,76,Coopérative Culture 76,4,Kairouan,5,2025-09-11,delivered,403.74
524,71,Domaine Culture 71,3,Beja,4,2025-10-24,validated,2755.72
525,59,Green Fertile 59,3,Beja,4,2025-12-24,delivered,2611.97
526,65,Olive Verte 65,1,Nabeul,2,2025-10-29,delivered,2102.58
527,33,Société Export 33,4,Kairouan,5,2026-03-03,validated,6381.16
528,44,Green Culture 44,2,Sfax,3,2026-01-21,validated,798.1
529,34,Citrus Services 34,4,Kairouan,5,2025-07-05,delivered,3913.64
530,53,Ferme Pro 53,1,Nabeul,2,2025-11-28,delivered,2200.3
531,32,Ferme Plus 32,1,Nabeul,2,2025-10-26,delivered,3204.26
532,46,Coopérative Fertile 46,1,Nabeul,2,2025-09-20,draft,5713.68
533,26,Agri Nature 26,1,Nabeul,2,2025-09-29,validated,5129.46
534,20,Terra Nature 20,5,Gabes,6,2025-07-25,delivered,3501.52
535,64,Ferme Fertile 64,3,Beja,4,2026-04-11,delivered,1562.4
536,48,Espace Verte 48,2,Sfax,3,2026-04-14,delivered,8019.71
537,29,Green Nord 29,1,Nabeul,2,2026-03-23,delivered,4958.99
538,59,Green Fertile 59,3,Beja,4,2025-08-01,validated,8616.1
539,42,Espace Fertile 42,1,Nabeul,2,2025-12-03,validated,2595.59
540,79,Domaine Export 79,4,Kairouan,5,2025-11-23,delivered,7047.98
541,58,Agri Culture 58,1,Nabeul,2,2025-09-01,delivered,3150.8
542,31,Green Services 31,4,Kairouan,5,2026-03-12,delivered,4341.99
543,54,Ferme Export 54,2,Sfax,3,2026-02-11,delivered,6852.05
544,7,Espace Verte 7,5,Gabes,6,2025-12-21,delivered,1084.87
545,13,Société Pro 13,4,Kairouan,5,2026-01-17,validated,2545.29
546,53,Ferme Pro 53,1,Nabeul,2,2025-08-02,delivered,2519.22
547,23,Terra Export 23,2,Sfax,3,2025-10-24,delivered,3787.03
548,60,Citrus Plus 60,4,Kairouan,5,2026-04-20,cancelled,2373.22
549,79,Domaine Export 79,4,Kairouan,5,2026-03-20,delivered,269.28
550,44,Green Culture 44,2,Sfax,3,2025-09-25,delivered,7463.68
551,57,Citrus Sud 57,3,Beja,4,2025-12-03,validated,9540.25
552,33,Société Export 33,4,Kairouan,5,2026-05-25,validated,828.96
553,9,Espace Pro 9,3,Beja,4,2026-01-29,delivered,3073.56
554,68,Citrus Pro 68,5,Gabes,6,2025-07-13,delivered,1243.22
555,30,Ferme Culture 30,1,Nabeul,2,2025-10-05,validated,2869.06
556,46,Coopérative Fertile 46,1,Nabeul,2,2025-11-14,draft,4738.79
557,70,Citrus Services 70,5,Gabes,6,2025-08-30,delivered,4157.11
558,69,Terra Nature 69,5,Gabes,6,2025-11-06,draft,5590.55
559,34,Citrus Services 34,4,Kairouan,5,2025-08-19,delivered,593.19
560,45,Domaine Culture 45,3,Beja,4,2025-10-25,delivered,3520.48
561,62,Espace Services 62,5,Gabes,6,2025-11-01,delivered,6277.69
562,53,Ferme Pro 53,1,Nabeul,2,2026-03-15,delivered,8091.94
563,50,Coopérative Verte 50,3,Beja,4,2025-12-11,delivered,2046.77
564,31,Green Services 31,4,Kairouan,5,2026-02-20,validated,3206.97
565,25,Espace Nord 25,2,Sfax,3,2025-07-06,delivered,4089.24
566,80,Coopérative Fertile 80,4,Kairouan,5,2026-02-07,delivered,434.59
567,69,Terra Nature 69,5,Gabes,6,2025-06-12,delivered,1046.25
568,17,Espace Sud 17,3,Beja,4,2026-01-11,validated,3566.48
569,28,Green Export 28,4,Kairouan,5,2025-11-23,delivered,2845.9
570,8,Green Pro 8,2,Sfax,3,2025-10-15,validated,1723.76
571,24,Coopérative Nature 24,2,Sfax,3,2025-09-07,draft,3861.92
572,50,Coopérative Verte 50,3,Beja,4,2026-01-13,delivered,874.32
573,13,Société Pro 13,4,Kairouan,5,2026-02-22,validated,5107.25
574,42,Espace Fertile 42,1,Nabeul,2,2025-08-21,validated,911.34
575,67,Green Export 67,1,Nabeul,2,2025-08-02,delivered,2774.25
576,15,Société Export 15,1,Nabeul,2,2025-09-29,validated,5426.44
577,51,Société Export 51,2,Sfax,3,2025-10-03,delivered,1540.8
578,61,Domaine Export 61,2,Sfax,3,2026-05-19,delivered,2770.02
579,80,Coopérative Fertile 80,4,Kairouan,5,2025-11-21,draft,252.66
580,20,Terra Nature 20,5,Gabes,6,2026-05-26,delivered,3476.72
581,30,Ferme Culture 30,1,Nabeul,2,2025-11-10,cancelled,3332.88
582,49,Agri Nature 49,3,Beja,4,2025-12-01,validated,4989.25
583,38,Agri Verte 38,2,Sfax,3,2026-03-05,validated,2781.24
584,42,Espace Fertile 42,1,Nabeul,2,2026-01-26,delivered,1851.12
585,38,Agri Verte 38,2,Sfax,3,2025-10-13,delivered,8985.35
586,80,Coopérative Fertile 80,4,Kairouan,5,2025-12-04,validated,1313.58
587,69,Terra Nature 69,5,Gabes,6,2025-12-16,delivered,11464.62
588,42,Espace Fertile 42,1,Nabeul,2,2025-07-27,delivered,126.33
589,23,Terra Export 23,2,Sfax,3,2025-06-17,delivered,4251.08
590,68,Citrus Pro 68,5,Gabes,6,2026-04-16,validated,3677.24
591,2,Coopérative Nord 2,5,Gabes,6,2025-09-15,validated,1933.8
592,8,Green Pro 8,2,Sfax,3,2025-12-02,delivered,7399.64
593,6,Citrus Sud 6,1,Nabeul,2,2025-07-07,validated,983.61
594,13,Société Pro 13,4,Kairouan,5,2025-07-22,validated,7529.04
595,72,Ferme Fertile 72,1,Nabeul,2,2025-12-30,validated,5612.24
596,22,Citrus Plus 22,1,Nabeul,2,2025-09-01,delivered,6643.54
597,41,Ferme Culture 41,1,Nabeul,2,2026-03-09,cancelled,5851.98
598,42,Espace Fertile 42,1,Nabeul,2,2026-04-08,delivered,6560.82
599,33,Société Export 33,4,Kairouan,5,2025-12-02,cancelled,5697.55
600,18,Société Culture 18,3,Beja,4,2025-11-02,delivered,851.04
